GEOID,GEOID2,label,HC01_EST_VC01,HC01_MOE_VC01,HC03_EST_VC01,HC03_MOE_VC01,HC05_EST_VC01,HC05_MOE_VC01,HC01_EST_VC03,HC01_MOE_VC03,HC02_EST_VC03,HC02_MOE_VC03,HC03_EST_VC03,HC03_MOE_VC03,HC04_EST_VC03,HC04_MOE_VC03,HC05_EST_VC03,HC05_MOE_VC03,HC06_EST_VC03,HC06_MOE_VC03,HC01_EST_VC04,HC01_MOE_VC04,HC02_EST_VC04,HC02_MOE_VC04,HC03_EST_VC04,HC03_MOE_VC04,HC04_EST_VC04,HC04_MOE_VC04,HC05_EST_VC04,HC05_MOE_VC04,HC06_EST_VC04,HC06_MOE_VC04,HC01_EST_VC05,HC01_MOE_VC05,HC02_EST_VC05,HC02_MOE_VC05,HC03_EST_VC05,HC03_MOE_VC05,HC04_EST_VC05,HC04_MOE_VC05,HC05_EST_VC05,HC05_MOE_VC05,HC06_EST_VC05,HC06_MOE_VC05,HC01_EST_VC06,HC01_MOE_VC06,HC02_EST_VC06,HC02_MOE_VC06,HC03_EST_VC06,HC03_MOE_VC06,HC04_EST_VC06,HC04_MOE_VC06,HC05_EST_VC06,HC05_MOE_VC06,HC06_EST_VC06,HC06_MOE_VC06,HC01_EST_VC07,HC01_MOE_VC07,HC02_EST_VC07,HC02_MOE_VC07,HC03_EST_VC07,HC03_MOE_VC07,HC04_EST_VC07,HC04_MOE_VC07,HC05_EST_VC07,HC05_MOE_VC07,HC06_EST_VC07,HC06_MOE_VC07,HC01_EST_VC08,HC01_MOE_VC08,HC02_EST_VC08,HC02_MOE_VC08,HC03_EST_VC08,HC03_MOE_VC08,HC04_EST_VC08,HC04_MOE_VC08,HC05_EST_VC08,HC05_MOE_VC08,HC06_EST_VC08,HC06_MOE_VC08,HC01_EST_VC09,HC01_MOE_VC09,HC02_EST_VC09,HC02_MOE_VC09,HC03_EST_VC09,HC03_MOE_VC09,HC04_EST_VC09,HC04_MOE_VC09,HC05_EST_VC09,HC05_MOE_VC09,HC06_EST_VC09,HC06_MOE_VC09,HC01_EST_VC10,HC01_MOE_VC10,HC02_EST_VC10,HC02_MOE_VC10,HC03_EST_VC10,HC03_MOE_VC10,HC04_EST_VC10,HC04_MOE_VC10,HC05_EST_VC10,HC05_MOE_VC10,HC06_EST_VC10,HC06_MOE_VC10,HC01_EST_VC11,HC01_MOE_VC11,HC02_EST_VC11,HC02_MOE_VC11,HC03_EST_VC11,HC03_MOE_VC11,HC04_EST_VC11,HC04_MOE_VC11,HC05_EST_VC11,HC05_MOE_VC11,HC06_EST_VC11,HC06_MOE_VC11,HC01_EST_VC12,HC01_MOE_VC12,HC02_EST_VC12,HC02_MOE_VC12,HC03_EST_VC12,HC03_MOE_VC12,HC04_EST_VC12,HC04_MOE_VC12,HC05_EST_VC12,HC05_MOE_VC12,HC06_EST_VC12,HC06_MOE_VC12,HC01_EST_VC13,HC01_MOE_VC13,HC02_EST_VC13,HC02_MOE_VC13,HC03_EST_VC13,HC03_MOE_VC13,HC04_EST_VC13,HC04_MOE_VC13,HC05_EST_VC13,HC05_MOE_VC13,HC06_EST_VC13,HC06_MOE_VC13,HC01_EST_VC14,HC01_MOE_VC14,HC02_EST_VC14,HC02_MOE_VC14,HC03_EST_VC14,HC03_MOE_VC14,HC04_EST_VC14,HC04_MOE_VC14,HC05_EST_VC14,HC05_MOE_VC14,HC06_EST_VC14,HC06_MOE_VC14,HC01_EST_VC15,HC01_MOE_VC15,HC02_EST_VC15,HC02_MOE_VC15,HC03_EST_VC15,HC03_MOE_VC15,HC04_EST_VC15,HC04_MOE_VC15,HC05_EST_VC15,HC05_MOE_VC15,HC06_EST_VC15,HC06_MOE_VC15,HC01_EST_VC16,HC01_MOE_VC16,HC02_EST_VC16,HC02_MOE_VC16,HC03_EST_VC16,HC03_MOE_VC16,HC04_EST_VC16,HC04_MOE_VC16,HC05_EST_VC16,HC05_MOE_VC16,HC06_EST_VC16,HC06_MOE_VC16,HC01_EST_VC17,HC01_MOE_VC17,HC02_EST_VC17,HC02_MOE_VC17,HC03_EST_VC17,HC03_MOE_VC17,HC04_EST_VC17,HC04_MOE_VC17,HC05_EST_VC17,HC05_MOE_VC17,HC06_EST_VC17,HC06_MOE_VC17,HC01_EST_VC18,HC01_MOE_VC18,HC02_EST_VC18,HC02_MOE_VC18,HC03_EST_VC18,HC03_MOE_VC18,HC04_EST_VC18,HC04_MOE_VC18,HC05_EST_VC18,HC05_MOE_VC18,HC06_EST_VC18,HC06_MOE_VC18,HC01_EST_VC19,HC01_MOE_VC19,HC02_EST_VC19,HC02_MOE_VC19,HC03_EST_VC19,HC03_MOE_VC19,HC04_EST_VC19,HC04_MOE_VC19,HC05_EST_VC19,HC05_MOE_VC19,HC06_EST_VC19,HC06_MOE_VC19,HC01_EST_VC20,HC01_MOE_VC20,HC02_EST_VC20,HC02_MOE_VC20,HC03_EST_VC20,HC03_MOE_VC20,HC04_EST_VC20,HC04_MOE_VC20,HC05_EST_VC20,HC05_MOE_VC20,HC06_EST_VC20,HC06_MOE_VC20,HC01_EST_VC37,HC01_MOE_VC37,HC03_EST_VC37,HC03_MOE_VC37,HC05_EST_VC37,HC05_MOE_VC37,HC01_EST_VC38,HC01_MOE_VC38,HC01_EST_VC39,HC01_MOE_VC39,HC01_EST_VC40,HC01_MOE_VC40,HC01_EST_VC41,HC01_MOE_VC41
1400000US55001950100,55001950100,"Census Tract 9501, Adams County, Wisconsin",2936,84,1538,87,1398,88,116,51,4,1.7,98,44,6.4,2.8,18,19,1.3,1.3,78,52,2.7,1.8,58,51,3.8,3.3,20,19,1.4,1.3,120,52,4.1,1.8,66,39,4.3,2.4,54,43,3.9,3,122,42,4.2,1.4,33,24,2.1,1.6,89,36,6.4,2.6,24,24,0.8,0.8,24,24,1.6,1.5,0,9,0,1.2,47,31,1.6,1,29,20,1.9,1.3,18,16,1.3,1.1,102,66,3.5,2.3,37,25,2.4,1.6,65,58,4.6,4.1,89,46,3,1.6,34,23,2.2,1.5,55,30,3.9,2.2,113,50,3.8,1.7,61,29,4,1.8,52,27,3.7,2,118,47,4,1.6,42,30,2.7,2,76,36,5.4,2.5,198,61,6.7,2,85,37,5.5,2.4,113,44,8.1,3.1,248,76,8.4,2.6,130,55,8.5,3.6,118,43,8.4,3.2,358,81,12.2,2.7,174,54,11.3,3.4,184,49,13.2,3.5,372,97,12.7,3.3,192,59,12.5,3.8,180,56,12.9,3.9,399,86,13.6,3,212,62,13.8,4,187,53,13.4,3.9,171,58,5.8,2,111,38,7.2,2.5,60,32,4.3,2.3,125,55,4.3,1.9,98,49,6.4,3.2,27,26,1.9,1.8,136,68,4.6,2.3,54,36,3.5,2.3,82,50,5.9,3.5,61.6,2.6,62.6,2.5,60.6,3,110,11.6,118.5,22,89.5,19.3,28.9,7.6
1400000US55001950201,55001950201,"Census Tract 9502.01, Adams County, Wisconsin",1223,111,629,61,594,77,27,14,2.2,1.1,8,6,1.3,1,19,13,3.2,1.9,43,25,3.5,2,32,21,5.1,3.3,11,7,1.9,1.3,49,23,4,1.8,25,19,4,2.9,24,14,4,2.2,46,26,3.8,2,21,15,3.3,2.4,25,19,4.2,2.9,55,28,4.5,2.2,21,18,3.3,2.8,34,23,5.7,3.6,16,10,1.3,0.8,8,8,1.3,1.3,8,7,1.3,1.1,22,12,1.8,1,18,10,2.9,1.6,4,6,0.7,0.9,44,26,3.6,2,22,15,3.5,2.3,22,19,3.7,3,48,20,3.9,1.6,18,10,2.9,1.6,30,16,5.1,2.5,63,26,5.2,2.1,32,19,5.1,3.1,31,16,5.2,2.7,147,47,12,3.6,63,25,10,4,84,32,14.1,5,144,33,11.8,2.4,77,23,12.2,3.5,67,18,11.3,2.7,160,36,13.1,2.8,95,24,15.1,3.5,65,22,10.9,3.6,142,32,11.6,2.7,78,24,12.4,3.9,64,17,10.8,3.3,103,30,8.4,2.6,59,21,9.4,3.4,44,17,7.4,2.9,58,23,4.7,1.9,40,17,6.4,2.6,18,11,3,1.7,42,21,3.4,1.7,12,9,1.9,1.4,30,18,5.1,2.9,14,11,1.1,0.9,0,9,0,2.7,14,11,2.4,1.8,57.1,2.4,57.7,1.9,55.6,3.9,105.9,14.2,69.9,10.8,49.9,9,20,5.7
1400000US55001950202,55001950202,"Census Tract 9502.02, Adams County, Wisconsin",2544,160,1326,98,1218,119,55,29,2.2,1.1,12,10,0.9,0.7,43,28,3.5,2.1,107,34,4.2,1.3,60,28,4.5,2,47,18,3.9,1.3,96,45,3.8,1.7,16,12,1.2,0.9,80,45,6.6,3.4,113,36,4.4,1.4,64,30,4.8,2.1,49,23,4,1.8,41,23,1.6,0.9,8,9,0.6,0.7,33,21,2.7,1.6,74,25,2.9,0.9,33,18,2.5,1.3,41,19,3.4,1.5,108,35,4.2,1.3,68,27,5.1,1.9,40,18,3.3,1.5,99,29,3.9,1.1,37,19,2.8,1.4,62,27,5.1,2,109,32,4.3,1.2,65,25,4.9,1.8,44,19,3.6,1.6,124,33,4.9,1.2,74,22,5.6,1.7,50,17,4.1,1.4,206,37,8.1,1.4,125,28,9.4,2.1,81,21,6.7,1.8,265,43,10.4,1.6,150,39,11.3,2.8,115,28,9.4,2.5,278,40,10.9,1.7,135,28,10.2,2.3,143,25,11.7,2.4,235,33,9.2,1.2,127,25,9.6,1.9,108,22,8.9,2,316,44,12.4,1.9,174,35,13.1,2.5,142,24,11.7,2.2,187,36,7.4,1.4,113,24,8.5,1.8,74,22,6.1,1.8,71,20,2.8,0.8,33,12,2.5,0.9,38,15,3.1,1.3,60,20,2.4,0.8,32,14,2.4,1,28,14,2.3,1.2,57.6,1.9,58.4,2,56.9,3.4,108.9,13,90.8,8.5,65.2,7.2,25.7,5.9
1400000US55001950400,55001950400,"Census Tract 9504, Adams County, Wisconsin",4520,277,2207,163,2313,165,158,38,3.5,0.8,61,29,2.8,1.3,97,31,4.2,1.2,327,107,7.2,2.2,142,62,6.4,2.7,185,79,8,3.1,222,56,4.9,1.2,130,39,5.9,1.8,92,35,4,1.5,193,56,4.3,1.2,98,40,4.4,1.7,95,34,4.1,1.5,280,61,6.2,1.3,133,33,6,1.5,147,44,6.4,1.7,259,69,5.7,1.5,152,47,6.9,2,107,39,4.6,1.6,219,62,4.8,1.4,76,30,3.4,1.4,143,51,6.2,2.2,286,82,6.3,1.7,198,73,9,3.1,88,31,3.8,1.4,246,80,5.4,1.7,125,43,5.7,1.9,121,64,5.2,2.7,218,50,4.8,1.1,98,31,4.4,1.4,120,35,5.2,1.5,369,67,8.2,1.5,196,40,8.9,1.9,173,42,7.5,1.9,357,69,7.9,1.5,162,45,7.3,2.1,195,43,8.4,1.8,357,55,7.9,1.3,212,37,9.6,1.6,145,33,6.3,1.4,318,54,7,1.2,142,34,6.4,1.5,176,41,7.6,1.7,225,40,5,0.9,85,26,3.9,1.2,140,34,6.1,1.5,211,51,4.7,1.2,100,31,4.5,1.4,111,35,4.8,1.6,122,29,2.7,0.6,58,20,2.6,0.9,64,26,2.8,1.1,153,56,3.4,1.2,39,32,1.8,1.4,114,30,4.9,1.2,46.8,4.3,44.7,3.9,49.1,4,95.4,7.3,70.1,7,38.7,4.9,31.4,5.2
1400000US55001950501,55001950501,"Census Tract 9505.01, Adams County, Wisconsin",1577,139,863,102,714,74,59,32,3.7,2.1,37,28,4.3,3.3,22,15,3.1,2,76,37,4.8,2.2,49,32,5.7,3.5,27,18,3.8,2.3,43,25,2.7,1.6,20,15,2.3,1.7,23,18,3.2,2.5,76,34,4.8,2.1,48,30,5.6,3.4,28,18,3.9,2.4,101,38,6.4,2.2,68,28,7.9,3,33,20,4.6,2.6,45,22,2.9,1.3,23,13,2.7,1.5,22,14,3.1,1.9,58,24,3.7,1.5,42,19,4.9,2.2,16,11,2.2,1.6,24,16,1.5,1,4,5,0.5,0.6,20,15,2.8,2.1,115,49,7.3,2.9,74,44,8.6,4.6,41,17,5.7,2.3,89,31,5.6,1.9,67,30,7.8,3.4,22,12,3.1,1.7,89,30,5.6,1.9,51,22,5.9,2.5,38,15,5.3,2.1,139,36,8.8,2.3,85,28,9.8,3.3,54,21,7.6,3,149,41,9.4,2.4,62,25,7.2,2.6,87,26,12.2,3.5,132,35,8.4,2.2,69,21,8,2.5,63,25,8.8,3.4,151,42,9.6,2.8,43,21,5,2.5,108,30,15.1,4.6,122,39,7.7,2.5,77,25,8.9,3.1,45,20,6.3,2.8,53,21,3.4,1.3,22,17,2.5,2,31,13,4.3,1.7,56,26,3.6,1.7,22,12,2.5,1.5,34,20,4.8,2.7,55.5,3.8,49.9,5.2,61.1,3.3,120.9,16.6,88.4,13.7,61.4,11.5,27,6.4
1400000US55001950502,55001950502,"Census Tract 9505.02, Adams County, Wisconsin",3735,239,2402,180,1333,116,94,48,2.5,1.3,55,35,2.3,1.4,39,24,2.9,1.8,112,55,3,1.4,49,25,2,1,63,38,4.7,2.7,145,50,3.9,1.3,75,30,3.1,1.2,70,29,5.3,2,133,50,3.6,1.3,62,32,2.6,1.3,71,31,5.3,2.1,173,79,4.6,2.1,139,74,5.8,3,34,19,2.6,1.4,325,89,8.7,2.2,269,86,11.2,3.3,56,23,4.2,1.7,251,72,6.7,1.9,221,70,9.2,3,30,15,2.3,1.1,314,86,8.4,2.2,260,84,10.8,3.3,54,25,4.1,1.7,273,80,7.3,2,227,76,9.5,2.9,46,20,3.5,1.5,299,65,8,1.7,179,57,7.5,2.3,120,25,9,1.8,368,82,9.9,2.1,214,75,8.9,3,154,30,11.6,2.2,270,46,7.2,1.2,157,37,6.5,1.4,113,26,8.5,2,238,42,6.4,1.2,111,25,4.6,1.1,127,32,9.5,2.6,273,54,7.3,1.4,167,47,7,2,106,30,8,2.1,181,41,4.8,1.1,102,30,4.2,1.2,79,22,5.9,1.7,93,33,2.5,0.9,44,17,1.8,0.7,49,23,3.7,1.8,103,34,2.8,0.9,30,14,1.2,0.6,73,29,5.5,2.2,90,42,2.4,1.1,41,22,1.7,0.9,49,26,3.7,2,46.3,3.8,41.6,2.8,53.8,2.3,180.2,17.7,45.7,5.2,28.9,3.9,16.9,3.9
1400000US55001950700,55001950700,"Census Tract 9507, Adams County, Wisconsin",3576,208,1805,127,1771,119,138,34,3.9,0.9,45,23,2.5,1.2,93,29,5.3,1.6,193,59,5.4,1.5,116,42,6.4,2.2,77,31,4.3,1.6,182,50,5.1,1.3,99,35,5.5,1.9,83,23,4.7,1.3,165,42,4.6,1.1,87,33,4.8,1.7,78,27,4.4,1.4,156,38,4.4,0.9,90,33,5,1.7,66,24,3.7,1.3,131,43,3.7,1.2,68,30,3.8,1.6,63,27,3.6,1.5,194,44,5.4,1.2,106,29,5.9,1.6,88,34,5,1.9,135,40,3.8,1.1,48,25,2.7,1.4,87,26,4.9,1.4,173,50,4.8,1.3,89,32,4.9,1.7,84,28,4.7,1.6,298,48,8.3,1.3,170,39,9.4,2.1,128,30,7.2,1.6,286,40,8,1.1,142,23,7.9,1.3,144,31,8.1,1.7,362,52,10.1,1.5,169,36,9.4,2,193,33,10.9,2.1,359,49,10,1.3,194,33,10.7,1.9,165,31,9.3,1.6,303,53,8.5,1.4,152,32,8.4,1.7,151,32,8.5,1.7,210,42,5.9,1.2,79,21,4.4,1.2,131,30,7.4,1.7,134,29,3.7,0.8,85,23,4.7,1.2,49,17,2.8,0.9,72,23,2,0.7,33,15,1.8,0.9,39,16,2.2,0.9,85,22,2.4,0.6,33,12,1.8,0.7,52,18,2.9,1,50.4,1.6,49.8,1.5,51.2,2.2,101.9,7.6,67.2,6.2,37.6,4.4,29.6,4
1400000US55073000100,55073000100,"Census Tract 1, Marathon County, Wisconsin",2653,366,1487,268,1166,203,152,118,5.7,4.1,28,32,1.9,2.2,124,108,10.6,8.2,90,51,3.4,1.9,51,41,3.4,2.8,39,40,3.3,3.2,55,59,2.1,2.2,36,35,2.4,2.3,19,30,1.6,2.5,228,90,8.6,3.2,120,59,8.1,3.6,108,59,9.3,5.2,228,115,8.6,4.2,130,96,8.7,6.2,98,47,8.4,4.2,262,110,9.9,3.5,172,72,11.6,4.5,90,68,7.7,5.1,274,112,10.3,4.2,208,85,14,5.9,66,44,5.7,4,132,54,5,2.1,41,30,2.8,1.9,91,47,7.8,4.2,230,105,8.7,3.9,136,80,9.1,5.4,94,53,8.1,4.3,159,63,6,2.3,81,46,5.4,3.1,78,56,6.7,4.7,190,75,7.2,2.9,92,44,6.2,3.2,98,53,8.4,4.5,296,195,11.2,6.9,247,197,16.6,11.6,49,32,4.2,2.8,156,83,5.9,3,63,39,4.2,2.7,93,71,8,5.9,112,67,4.2,2.5,52,49,3.5,3.2,60,46,5.1,4,35,26,1.3,1,10,14,0.7,0.9,25,21,2.1,1.8,48,37,1.8,1.4,20,22,1.3,1.5,28,31,2.4,2.6,0,9,0,0.7,0,9,0,1.2,0,9,0,1.5,6,10,0.2,0.4,0,9,0,1.2,6,10,0.5,0.9,37.2,7,34.9,10.7,37.7,7,127.5,29.3,30.2,8.9,9.9,4.5,20.4,8
1400000US55073000200,55073000200,"Census Tract 2, Marathon County, Wisconsin",2949,267,1562,178,1387,145,190,74,6.4,2.3,110,51,7,3.2,80,50,5.8,3.4,202,69,6.8,2.4,126,57,8.1,3.7,76,43,5.5,2.9,247,124,8.4,3.7,153,80,9.8,4.5,94,60,6.8,4.1,254,72,8.6,2.4,191,63,12.2,4,63,42,4.5,3,144,45,4.9,1.4,69,40,4.4,2.4,75,43,5.4,3,142,65,4.8,2.1,65,37,4.2,2.3,77,45,5.6,3.1,252,81,8.5,2.6,136,46,8.7,2.9,116,51,8.4,3.6,266,82,9,2.8,115,56,7.4,3.5,151,59,10.9,4.4,214,100,7.3,3.1,139,78,8.9,4.4,75,45,5.4,3.2,197,75,6.7,2.5,108,51,6.9,3.5,89,52,6.4,3.5,242,68,8.2,2.4,64,35,4.1,2.2,178,59,12.8,4.4,185,70,6.3,2.5,96,37,6.1,2.5,89,47,6.4,3.5,88,48,3,1.7,27,24,1.7,1.5,61,34,4.4,2.5,135,58,4.6,1.9,75,40,4.8,2.5,60,37,4.3,2.6,82,47,2.8,1.7,35,22,2.2,1.4,47,41,3.4,3.1,60,38,2,1.3,33,23,2.1,1.5,27,23,1.9,1.7,19,22,0.6,0.7,6,10,0.4,0.6,13,14,0.9,1,30,24,1,0.8,14,16,0.9,1,16,18,1.2,1.3,36.7,3.3,32.6,2.1,39.2,2,112.6,13.7,61.2,8.4,17.8,4,43.4,7.2
1400000US55073000300,55073000300,"Census Tract 3, Marathon County, Wisconsin",4843,467,2515,314,2328,273,185,114,3.8,2.1,123,76,4.9,2.7,62,57,2.7,2.3,274,153,5.7,2.9,160,100,6.4,3.6,114,94,4.9,3.9,325,143,6.7,2.6,227,117,9,4,98,73,4.2,3,360,129,7.4,2.7,187,102,7.4,4,173,80,7.4,3.3,120,85,2.5,1.8,56,60,2.2,2.5,64,61,2.7,2.6,100,70,2.1,1.4,74,66,2.9,2.6,26,30,1.1,1.3,100,85,2.1,1.7,32,35,1.3,1.4,68,65,2.9,2.7,258,165,5.3,3.3,148,95,5.9,3.7,110,80,4.7,3.3,235,131,4.9,2.5,109,92,4.3,3.5,126,79,5.4,3.2,537,158,11.1,3.2,247,111,9.8,4.1,290,111,12.5,5,429,152,8.9,3.2,224,91,8.9,3.9,205,127,8.8,5.4,290,120,6,2.6,145,82,5.8,3.5,145,64,6.2,2.8,395,146,8.2,3.1,232,105,9.2,4.1,163,70,7,3.1,391,106,8.1,2.2,164,80,6.5,3.1,227,85,9.8,3.9,187,91,3.9,1.9,115,63,4.6,2.5,72,50,3.1,2.2,174,82,3.6,1.7,75,57,3,2.2,99,58,4.3,2.5,199,100,4.1,2.2,145,76,5.8,3.1,54,46,2.3,2.1,284,101,5.9,2.2,52,40,2.1,1.6,232,96,10,4.4,49.5,3.4,47.1,4.4,51.3,3.9,108,16.1,90.7,13.3,48.6,7.9,42,12.9
1400000US55073000400,55073000400,"Census Tract 4, Marathon County, Wisconsin",6223,409,2703,260,3520,339,369,132,5.9,2.1,185,104,6.8,3.8,184,96,5.2,2.5,457,164,7.3,2.5,234,149,8.7,5.2,223,93,6.3,2.5,215,117,3.5,1.9,68,62,2.5,2.3,147,83,4.2,2.3,371,159,6,2.4,194,97,7.2,3.5,177,112,5,3.1,829,196,13.3,3.1,306,134,11.3,4.7,523,178,14.9,5,469,169,7.5,2.8,246,109,9.1,4.1,223,104,6.3,3.1,359,145,5.8,2.3,172,104,6.4,3.9,187,79,5.3,2.1,248,115,4,1.8,129,89,4.8,3.2,119,87,3.4,2.4,156,99,2.5,1.5,102,82,3.8,3,54,57,1.5,1.6,252,107,4,1.7,89,58,3.3,2.2,163,77,4.6,2.2,393,132,6.3,2.1,116,59,4.3,2.2,277,120,7.9,3.2,416,130,6.7,2.1,182,77,6.7,2.9,234,98,6.6,2.7,359,115,5.8,1.8,160,75,5.9,2.7,199,64,5.7,1.9,214,80,3.4,1.3,119,58,4.4,2.2,95,54,2.7,1.6,400,156,6.4,2.5,197,85,7.3,3.1,203,95,5.8,2.8,340,133,5.5,2.1,103,63,3.8,2.3,237,94,6.7,2.6,216,93,3.5,1.5,45,39,1.7,1.4,171,96,4.9,2.7,160,99,2.6,1.6,56,47,2.1,1.7,104,75,3,2.1,35.4,3.6,33.4,3.5,39.6,7.3,76.8,11,68.4,10.9,36,7.7,32.4,5.5
1400000US55073000500,55073000500,"Census Tract 5, Marathon County, Wisconsin",3031,284,1650,202,1381,154,246,105,8.1,3,155,84,9.4,4.6,91,59,6.6,3.9,259,105,8.5,3.1,181,83,11,4.5,78,44,5.6,3.1,196,94,6.5,2.8,142,72,8.6,4,54,39,3.9,2.6,143,58,4.7,1.9,88,52,5.3,3.2,55,34,4,2.4,120,65,4,2.2,93,55,5.6,3.4,27,26,2,1.8,238,111,7.9,3.4,117,68,7.1,4,121,64,8.8,4.4,315,92,10.4,2.6,135,61,8.2,3.4,180,57,13,4,185,74,6.1,2.5,102,56,6.2,3.5,83,48,6,3.3,202,96,6.7,3.1,110,69,6.7,4,92,51,6.7,3.8,146,67,4.8,2.3,73,38,4.4,2.4,73,43,5.3,3.2,186,59,6.1,2.1,75,36,4.5,2.4,111,46,8,3.3,95,44,3.1,1.5,57,35,3.5,2.1,38,30,2.8,2.3,265,84,8.7,2.9,133,60,8.1,3.7,132,50,9.6,3.7,80,43,2.6,1.4,68,39,4.1,2.4,12,19,0.9,1.4,12,18,0.4,0.6,0,9,0,1.1,12,18,0.9,1.3,37,32,1.2,1.1,13,19,0.8,1.2,24,26,1.7,1.9,95,61,3.1,2,29,32,1.8,2,66,41,4.8,2.9,211,73,7,2.4,79,53,4.8,3.1,132,50,9.6,3.5,35,4.9,31.7,5.6,40,5.7,119.5,17.2,70.7,14.4,24.5,3.4,46.2,12.9
1400000US55073000601,55073000601,"Census Tract 6.01, Marathon County, Wisconsin",2026,197,927,109,1099,128,86,40,4.2,1.9,18,19,1.9,2,68,35,6.2,3,118,61,5.8,2.9,53,28,5.7,2.9,65,43,5.9,3.7,91,39,4.5,1.7,48,29,5.2,3,43,36,3.9,3.2,158,69,7.8,3,82,36,8.8,3.6,76,50,6.9,4.1,120,51,5.9,2.4,59,31,6.4,3.2,61,42,5.6,3.6,189,55,9.3,2.4,98,38,10.6,3.6,91,34,8.3,2.9,134,55,6.6,2.6,86,31,9.3,3.2,48,36,4.4,3.3,89,43,4.4,2,48,31,5.2,3.3,41,28,3.7,2.6,101,53,5,2.5,47,27,5.1,2.8,54,33,4.9,3,137,45,6.8,2.4,69,29,7.4,3.3,68,38,6.2,3.4,149,43,7.4,2.2,54,32,5.8,3.5,95,31,8.6,3,177,41,8.7,2,86,30,9.3,3.1,91,31,8.3,2.9,125,42,6.2,2.1,47,19,5.1,2.2,78,35,7.1,3.2,84,28,4.1,1.4,43,19,4.6,2.2,41,19,3.7,1.8,73,34,3.6,1.7,14,12,1.5,1.3,59,32,5.4,2.8,48,22,2.4,1.1,18,13,1.9,1.4,30,14,2.7,1.3,60,30,3,1.5,28,15,3,1.7,32,19,2.9,1.7,87,37,4.3,1.9,29,26,3.1,2.8,58,30,5.3,2.7,40.9,3.7,35.9,5.6,45.1,6.1,84.3,10.7,51.3,7,26.3,4.1,25,6
1400000US55073000602,55073000602,"Census Tract 6.02, Marathon County, Wisconsin",3601,397,1924,204,1677,240,283,109,7.9,2.7,142,74,7.4,3.6,141,77,8.4,4.2,201,82,5.6,2,130,63,6.8,3,71,47,4.2,2.5,227,96,6.3,2.3,125,62,6.5,2.9,102,60,6.1,3.3,187,92,5.2,2.5,106,52,5.5,2.7,81,53,4.8,3.1,283,98,7.9,2.6,116,47,6,2.5,167,83,10,4.7,331,91,9.2,2.4,141,52,7.3,2.7,190,79,11.3,4.7,226,86,6.3,2.1,135,56,7,2.8,91,52,5.4,2.8,195,88,5.4,2.2,113,62,5.9,3.2,82,53,4.9,3,280,106,7.8,2.8,170,77,8.8,3.8,110,69,6.6,3.8,267,84,7.4,2.3,156,62,8.1,3.2,111,52,6.6,3.1,265,79,7.4,2.1,150,63,7.8,3.3,115,47,6.9,2.9,311,94,8.6,2.5,146,58,7.6,3.2,165,93,9.8,5.1,192,79,5.3,2.3,100,49,5.2,2.5,92,47,5.5,3,110,54,3.1,1.5,85,46,4.4,2.3,25,28,1.5,1.7,94,56,2.6,1.6,70,54,3.6,2.8,24,25,1.4,1.5,52,39,1.4,1.1,13,19,0.7,1,39,34,2.3,2.1,42,40,1.2,1.1,0,9,0,0.9,42,40,2.5,2.4,55,48,1.5,1.3,26,26,1.4,1.3,29,30,1.7,1.8,35.9,4,38,5.4,34.8,5,114.7,13.5,48.7,7.1,14.6,3,34.1,7
1400000US55073000700,55073000700,"Census Tract 7, Marathon County, Wisconsin",6024,694,2700,388,3324,442,435,200,7.2,3.1,272,168,10.1,5.6,163,86,4.9,2.7,392,176,6.5,2.6,122,100,4.5,3.6,270,112,8.1,3,486,204,8.1,2.8,40,42,1.5,1.5,446,195,13.4,4.6,342,164,5.7,2.4,194,112,7.2,4,148,131,4.5,3.6,360,128,6,2.1,157,87,5.8,3,203,122,6.1,3.6,462,219,7.7,3.5,222,109,8.2,3.7,240,135,7.2,4.1,379,157,6.3,2.6,157,78,5.8,2.8,222,104,6.7,3.3,255,119,4.2,1.7,107,67,4,2.4,148,109,4.5,3,499,200,8.3,2.9,304,148,11.3,5.2,195,99,5.9,2.8,271,134,4.5,2.3,175,98,6.5,3.6,96,67,2.9,2.1,252,84,4.2,1.4,151,59,5.6,2.1,101,67,3,2,405,132,6.7,2.4,168,71,6.2,2.8,237,102,7.1,3.2,375,120,6.2,2.2,160,68,5.9,2.9,215,90,6.5,2.8,307,138,5.1,2.2,193,116,7.1,4.2,114,72,3.4,2.2,144,89,2.4,1.5,48,48,1.8,1.8,96,60,2.9,1.9,165,105,2.7,1.8,87,68,3.2,2.6,78,62,2.3,1.9,171,98,2.8,1.6,37,51,1.4,1.9,134,70,4,2.2,324,113,5.4,2,106,63,3.9,2.4,218,80,6.6,2.5,37.5,6.3,40.9,4,34.1,5.6,81.2,12.2,78.9,10.2,33,6.2,45.9,8.8
1400000US55073000800,55073000800,"Census Tract 8, Marathon County, Wisconsin",3508,298,1749,200,1759,158,175,75,5,2.1,79,46,4.5,2.6,96,57,5.5,3,99,48,2.8,1.3,20,21,1.1,1.1,79,45,4.5,2.5,263,92,7.5,2.3,149,61,8.5,3.3,114,61,6.5,3.3,179,87,5.1,2.4,124,68,7.1,3.7,55,42,3.1,2.4,229,106,6.5,2.9,170,83,9.7,4.4,59,50,3.4,2.8,193,68,5.5,2,88,53,5,3,105,50,6,2.9,208,73,5.9,2.1,86,49,4.9,2.9,122,47,6.9,2.7,281,111,8,2.9,167,75,9.5,4,114,59,6.5,3.2,209,69,6,1.9,115,53,6.6,2.9,94,44,5.3,2.4,234,60,6.7,1.7,78,41,4.5,2.3,156,49,8.9,2.9,225,69,6.4,2.1,117,52,6.7,3,108,46,6.1,2.7,184,65,5.2,1.9,88,44,5,2.6,96,38,5.5,2.2,237,72,6.8,2.1,118,48,6.7,2.8,119,44,6.8,2.4,177,74,5,2.1,81,48,4.6,2.6,96,57,5.5,3.2,204,74,5.8,2,80,43,4.6,2.4,124,49,7,2.8,122,62,3.5,1.7,72,47,4.1,2.6,50,33,2.8,1.9,116,57,3.3,1.6,35,28,2,1.6,81,51,4.6,2.8,173,80,4.9,2.2,82,39,4.7,2.2,91,49,5.2,2.7,44.1,4.3,39.5,4.5,46.4,3.1,99.4,11.5,70.4,10.1,38.5,8.1,31.9,5.2
1400000US55073000900,55073000900,"Census Tract 9, Marathon County, Wisconsin",2280,193,1133,115,1147,144,115,51,5,2.3,47,26,4.1,2.2,68,37,5.9,3.1,100,30,4.4,1.3,62,28,5.5,2.4,38,19,3.3,1.5,217,93,9.5,3.5,129,53,11.4,4.2,88,53,7.7,3.9,176,74,7.7,3,87,43,7.7,3.5,89,56,7.8,4.4,94,41,4.1,1.8,63,35,5.6,2.9,31,20,2.7,1.7,129,46,5.7,2,49,22,4.3,1.9,80,34,7,3.1,124,52,5.4,2.3,61,34,5.4,2.9,63,26,5.5,2.5,187,83,8.2,3.3,83,39,7.3,3.5,104,52,9.1,3.8,152,42,6.7,1.8,77,32,6.8,2.8,75,36,6.5,3,116,44,5.1,1.9,66,34,5.8,2.8,50,28,4.4,2.5,188,65,8.2,3,80,40,7.1,3.5,108,39,9.4,3.7,152,45,6.7,2,83,28,7.3,2.7,69,30,6,2.7,136,49,6,2.2,97,35,8.6,3.1,39,23,3.4,2.1,186,54,8.2,2.3,67,30,5.9,2.5,119,39,10.4,3.4,43,22,1.9,1,13,13,1.1,1.1,30,19,2.6,1.7,46,31,2,1.4,20,16,1.8,1.5,26,19,2.3,1.7,56,30,2.5,1.4,22,16,1.9,1.5,34,22,3,1.9,63,34,2.8,1.5,27,19,2.4,1.7,36,20,3.1,1.9,39.9,3.4,38.9,2.8,42,5.9,98.8,15.4,72.3,10.3,29.8,3.8,42.6,9.1
1400000US55073001000,55073001000,"Census Tract 10, Marathon County, Wisconsin",3467,293,1694,180,1773,180,147,65,4.2,1.8,69,55,4.1,3.2,78,48,4.4,2.6,231,65,6.7,1.8,106,53,6.3,3.1,125,56,7.1,3,224,74,6.5,2.1,148,57,8.7,3.3,76,53,4.3,2.8,252,107,7.3,3,144,77,8.5,4.3,108,59,6.1,3.3,145,67,4.2,1.9,44,40,2.6,2.4,101,57,5.7,3.1,145,59,4.2,1.6,96,38,5.7,2.1,49,31,2.8,1.7,268,88,7.7,2.3,139,54,8.2,3,129,51,7.3,2.7,146,71,4.2,2,51,40,3,2.4,95,49,5.4,2.6,263,97,7.6,2.8,135,66,8,4,128,50,7.2,3,229,79,6.6,2.2,78,45,4.6,2.5,151,59,8.5,3.2,324,84,9.3,2.3,158,48,9.3,2.7,166,54,9.4,3.1,292,80,8.4,2.1,165,58,9.7,3.1,127,49,7.2,2.8,188,64,5.4,1.8,120,51,7.1,3,68,33,3.8,1.8,190,64,5.5,1.8,62,34,3.7,2,128,43,7.2,2.4,94,53,2.7,1.5,53,34,3.1,2,41,32,2.3,1.8,138,58,4,1.7,33,29,1.9,1.7,105,44,5.9,2.6,69,45,2,1.3,47,32,2.8,1.8,22,25,1.2,1.4,122,64,3.5,1.9,46,34,2.7,2,76,49,4.3,2.7,42.4,1.5,40.9,2.1,44.5,5.7,95.5,11.5,63,7,28.8,3.8,34.2,5.2
1400000US55073001102,55073001102,"Census Tract 11.02, Marathon County, Wisconsin",8393,440,4192,318,4201,263,486,115,5.8,1.3,282,94,6.7,2.3,204,71,4.9,1.7,699,163,8.3,1.9,311,97,7.4,2.3,388,122,9.2,2.7,595,157,7.1,1.8,361,122,8.6,2.8,234,79,5.6,1.8,504,117,6,1.3,228,84,5.4,1.8,276,103,6.6,2.4,391,114,4.7,1.3,165,87,3.9,1.9,226,86,5.4,1.9,453,117,5.4,1.4,224,66,5.3,1.4,229,77,5.5,1.9,637,162,7.6,1.8,355,120,8.5,2.7,282,90,6.7,2.1,610,149,7.3,1.7,315,107,7.5,2.5,295,77,7,1.9,527,121,6.3,1.4,274,78,6.5,1.7,253,75,6,1.8,568,159,6.8,1.9,277,93,6.6,2.2,291,86,6.9,2.1,680,141,8.1,1.6,306,82,7.3,2,374,102,8.9,2.2,658,195,7.8,2.4,341,118,8.1,2.9,317,103,7.5,2.5,437,168,5.2,2,272,111,6.5,2.6,165,73,3.9,1.7,525,106,6.3,1.3,216,65,5.2,1.6,309,83,7.4,2,301,92,3.6,1.1,162,57,3.9,1.4,139,58,3.3,1.4,130,56,1.5,0.7,63,38,1.5,0.9,67,39,1.6,0.9,113,54,1.3,0.6,24,22,0.6,0.5,89,49,2.1,1.1,79,51,0.9,0.6,16,22,0.4,0.5,63,45,1.5,1.1,38.2,1.5,37.5,2.6,38.7,3.3,99.8,9.1,65.1,5.3,22.6,2.8,42.5,3.6
1400000US55073001103,55073001103,"Census Tract 11.03, Marathon County, Wisconsin",5125,384,2519,294,2606,242,368,169,7.2,3.1,179,115,7.1,4.3,189,123,7.3,4.5,250,119,4.9,2.2,176,102,7,3.6,74,67,2.8,2.6,332,129,6.5,2.7,170,88,6.7,3.6,162,99,6.2,3.7,349,140,6.8,2.7,195,121,7.7,4.5,154,81,5.9,3.1,450,176,8.8,3.3,152,100,6,3.9,298,125,11.4,4.5,460,141,9,2.6,273,96,10.8,3.4,187,77,7.2,2.9,395,155,7.7,2.8,171,87,6.8,3.4,224,97,8.6,3.6,204,91,4,1.8,92,64,3.7,2.6,112,70,4.3,2.7,349,109,6.8,2.1,193,84,7.7,3.2,156,66,6,2.4,278,135,5.4,2.6,109,80,4.3,3.1,169,86,6.5,3.3,341,122,6.7,2.4,245,104,9.7,4.2,96,51,3.7,2,297,109,5.8,2.2,143,69,5.7,2.9,154,70,5.9,2.6,299,98,5.8,2,109,55,4.3,2.3,190,74,7.3,2.9,292,110,5.7,2.1,160,74,6.4,3,132,65,5.1,2.4,141,78,2.8,1.5,21,34,0.8,1.3,120,71,4.6,2.7,95,73,1.9,1.4,33,37,1.3,1.5,62,62,2.4,2.4,140,94,2.7,1.9,81,57,3.2,2.3,59,53,2.3,2,85,60,1.7,1.2,17,26,0.7,1.1,68,56,2.6,2.1,34.4,4.2,32.7,7,35.3,3.8,96.7,14.2,57,7.2,23.1,4.6,33.9,5.9
1400000US55073001104,55073001104,"Census Tract 11.04, Marathon County, Wisconsin",6308,480,3174,305,3134,286,277,118,4.4,1.8,96,68,3,2.1,181,88,5.8,2.6,427,166,6.8,2.4,210,116,6.6,3.3,217,107,6.9,3.4,389,184,6.2,2.8,210,109,6.6,3.5,179,128,5.7,3.9,407,119,6.5,1.7,185,98,5.8,3,222,95,7.1,2.9,699,249,11.1,3.6,390,160,12.3,4.5,309,159,9.9,4.7,544,144,8.6,2.3,336,118,10.6,3.8,208,100,6.6,3.2,426,154,6.8,2.4,246,128,7.8,3.9,180,94,5.7,3.1,439,140,7,2.5,168,94,5.3,2.9,271,127,8.6,4.4,452,169,7.2,2.5,194,95,6.1,3,258,101,8.2,3,241,106,3.8,1.7,167,88,5.3,2.8,74,45,2.4,1.4,454,149,7.2,2.4,256,93,8.1,2.8,198,87,6.3,2.9,256,103,4.1,1.8,148,79,4.7,2.7,108,67,3.4,2.2,384,156,6.1,2.4,198,91,6.2,2.8,186,76,5.9,2.3,239,87,3.8,1.4,102,51,3.2,1.6,137,60,4.4,2,130,58,2.1,0.9,46,32,1.4,1,84,49,2.7,1.6,134,77,2.1,1.2,76,52,2.4,1.6,58,42,1.9,1.3,179,76,2.8,1.2,65,46,2,1.5,114,65,3.6,2.1,231,89,3.7,1.5,81,55,2.6,1.8,150,68,4.8,2.3,34.8,5.1,31.7,5.3,36.9,4.5,101.3,11.2,59.3,7.8,23,3.7,36.2,6.8
1400000US55073001201,55073001201,"Census Tract 12.01, Marathon County, Wisconsin",8619,258,4286,246,4333,254,612,182,7.1,2,287,112,6.7,2.5,325,163,7.5,3.5,562,149,6.5,1.7,275,110,6.4,2.5,287,102,6.6,2.3,504,148,5.8,1.7,264,96,6.2,2.2,240,103,5.5,2.3,415,136,4.8,1.6,197,88,4.6,2,218,108,5,2.5,577,156,6.7,1.8,306,135,7.1,3.1,271,108,6.3,2.3,356,128,4.1,1.5,143,71,3.3,1.7,213,90,4.9,2,495,148,5.7,1.7,268,92,6.3,2.2,227,83,5.2,1.9,559,176,6.5,2,285,131,6.6,2.9,274,112,6.3,2.6,729,192,8.5,2.2,310,111,7.2,2.5,419,135,9.7,3.2,657,161,7.6,1.8,379,113,8.8,2.5,278,92,6.4,2.1,760,174,8.8,2.1,416,114,9.7,2.8,344,105,7.9,2.4,667,157,7.7,1.9,336,102,7.8,2.6,331,103,7.6,2.4,606,169,7,1.9,282,104,6.6,2.4,324,102,7.5,2.4,430,149,5,1.7,206,84,4.8,2,224,89,5.2,2.1,306,111,3.6,1.3,145,66,3.4,1.6,161,85,3.7,2,204,82,2.4,0.9,136,67,3.2,1.5,68,42,1.6,1,134,77,1.6,0.9,36,42,0.8,1,98,58,2.3,1.3,46,48,0.5,0.6,15,24,0.3,0.6,31,43,0.7,1,41.9,1.8,42.2,2.4,41.1,3.3,98.9,9.9,55.1,4.7,20.2,2.3,34.9,4.2
1400000US55073001202,55073001202,"Census Tract 12.02, Marathon County, Wisconsin",5237,337,2639,214,2598,216,314,120,6,2.3,181,79,6.9,2.9,133,87,5.1,3.3,325,93,6.2,1.8,152,62,5.8,2.4,173,101,6.7,3.8,286,96,5.5,1.8,119,56,4.5,2,167,69,6.4,2.6,389,108,7.4,1.9,235,92,8.9,3.3,154,63,5.9,2.3,346,175,6.6,3.4,181,133,6.9,5,165,72,6.4,2.7,242,94,4.6,1.7,158,67,6,2.5,84,48,3.2,1.8,268,98,5.1,1.8,112,50,4.2,1.9,156,65,6,2.4,376,124,7.2,2.4,189,60,7.2,2.4,187,77,7.2,2.9,299,104,5.7,1.9,152,60,5.8,2.2,147,60,5.7,2.3,381,138,7.3,2.6,207,113,7.8,4.2,174,70,6.7,2.6,260,92,5,1.7,193,77,7.3,2.8,67,41,2.6,1.6,424,101,8.1,1.9,216,67,8.2,2.5,208,58,8,2.3,491,122,9.4,2.2,177,65,6.7,2.4,314,107,12.1,3.9,229,72,4.4,1.3,137,54,5.2,2,92,33,3.5,1.3,148,97,2.8,1.9,80,49,3,1.8,68,52,2.6,2,136,74,2.6,1.4,47,33,1.8,1.2,89,53,3.4,2,112,58,2.1,1.1,38,29,1.4,1.1,74,37,2.8,1.4,211,124,4,2.3,65,51,2.5,2,146,89,5.6,3.2,41.5,3,39.8,3.6,42.7,2.9,101.6,10.4,62.1,6.3,25.9,3.4,36.2,4.4
1400000US55073001300,55073001300,"Census Tract 13, Marathon County, Wisconsin",6864,19,3682,141,3182,140,351,112,5.1,1.6,225,89,6.1,2.4,126,62,4,1.9,504,239,7.3,3.5,330,228,9,6.1,174,79,5.5,2.4,431,123,6.3,1.8,236,101,6.4,2.7,195,74,6.1,2.3,442,136,6.4,2,241,97,6.5,2.6,201,96,6.3,3,463,168,6.7,2.5,302,123,8.2,3.3,161,106,5.1,3.3,205,93,3,1.4,128,78,3.5,2.1,77,62,2.4,2,450,141,6.6,2.1,167,71,4.5,1.9,283,108,8.9,3.3,272,105,4,1.5,172,69,4.7,1.9,100,56,3.1,1.7,299,105,4.4,1.5,142,64,3.9,1.8,157,64,4.9,2.1,613,204,8.9,3,293,140,8,3.7,320,118,10.1,3.8,408,152,5.9,2.2,196,89,5.3,2.4,212,85,6.7,2.7,462,139,6.7,2,197,94,5.4,2.6,265,94,8.3,3,671,166,9.8,2.4,396,114,10.8,3.1,275,93,8.6,2.9,572,131,8.3,1.9,284,83,7.7,2.3,288,75,9.1,2.4,453,143,6.6,2.1,228,79,6.2,2.2,225,84,7.1,2.6,122,76,1.8,1.1,69,51,1.9,1.4,53,43,1.7,1.4,73,44,1.1,0.6,35,31,1,0.8,38,31,1.2,1,73,72,1.1,1,41,55,1.1,1.5,32,29,1,0.9,45.1,2.9,40.9,5.2,46.3,1.8,115.7,9.6,72,10,32.4,3.6,39.6,8.4
1400000US55073001400,55073001400,"Census Tract 14, Marathon County, Wisconsin",6942,352,3251,242,3691,251,477,141,6.9,1.9,305,115,9.4,3.3,172,76,4.7,2,495,110,7.1,1.5,190,69,5.8,2.1,305,99,8.3,2.4,308,84,4.4,1.2,171,53,5.3,1.6,137,62,3.7,1.7,372,125,5.4,1.9,113,61,3.5,1.9,259,108,7,3,280,121,4,1.7,104,53,3.2,1.7,176,110,4.8,2.9,732,169,10.5,2.4,384,102,11.8,3,348,113,9.4,3,457,151,6.6,2,231,78,7.1,2.3,226,108,6.1,2.8,321,102,4.6,1.5,140,67,4.3,2.1,181,68,4.9,1.9,350,98,5,1.4,218,69,6.7,2.1,132,51,3.6,1.4,297,109,4.3,1.6,107,43,3.3,1.3,190,99,5.1,2.7,477,115,6.9,1.6,197,63,6.1,2,280,80,7.6,2.1,559,144,8.1,2.1,279,83,8.6,2.5,280,102,7.6,2.8,493,127,7.1,1.8,217,78,6.7,2.4,276,80,7.5,2.2,394,128,5.7,1.8,185,66,5.7,2,209,107,5.7,2.8,285,97,4.1,1.4,111,56,3.4,1.7,174,68,4.7,2,231,78,3.3,1.1,139,54,4.3,1.7,92,47,2.5,1.3,167,85,2.4,1.2,62,42,1.9,1.2,105,64,2.8,1.8,247,98,3.6,1.4,98,54,3,1.6,149,73,4,1.9,40.5,3.6,39.7,4.5,40.8,5.1,88.1,8.7,68,9.1,32,6.6,36,5
1400000US55073001500,55073001500,"Census Tract 15, Marathon County, Wisconsin",4241,153,2208,111,2033,91,257,70,6.1,1.5,178,61,8.1,2.6,79,32,3.9,1.5,213,48,5,1.1,110,32,5,1.5,103,37,5.1,1.7,270,49,6.4,1.1,101,33,4.6,1.5,169,36,8.3,1.7,258,56,6.1,1.3,142,42,6.4,1.8,116,37,5.7,1.8,199,55,4.7,1.3,115,47,5.2,2.1,84,34,4.1,1.6,201,54,4.7,1.2,103,29,4.7,1.2,98,40,4.8,1.9,271,50,6.4,1.2,124,27,5.6,1.2,147,34,7.2,1.6,227,48,5.4,1.1,165,40,7.5,1.7,62,24,3,1.2,252,46,5.9,1.1,118,28,5.3,1.3,134,33,6.6,1.6,269,52,6.3,1.2,140,43,6.3,1.9,129,31,6.3,1.5,452,53,10.7,1.3,230,39,10.4,1.8,222,32,10.9,1.6,408,60,9.6,1.4,214,37,9.7,1.7,194,36,9.5,1.8,273,48,6.4,1.2,136,31,6.2,1.4,137,29,6.7,1.5,217,39,5.1,0.9,105,26,4.8,1.2,112,27,5.5,1.3,216,44,5.1,1,101,25,4.6,1.2,115,32,5.7,1.6,113,31,2.7,0.7,58,23,2.6,1,55,22,2.7,1.1,82,27,1.9,0.6,51,23,2.3,1,31,15,1.5,0.7,63,23,1.5,0.5,17,12,0.8,0.5,46,20,2.3,1,44.6,1.5,43.3,2.3,45.8,2,108.6,6.8,61.4,3.6,26.3,2.3,35.1,2.9
1400000US55073001600,55073001600,"Census Tract 16, Marathon County, Wisconsin",6058,168,3090,113,2968,123,335,54,5.5,0.8,150,36,4.9,1.1,185,38,6.2,1.2,378,51,6.2,0.8,187,33,6.1,1,191,39,6.4,1.2,395,43,6.5,0.7,224,30,7.2,0.9,171,32,5.8,1,380,58,6.3,0.9,173,38,5.6,1.2,207,45,7,1.4,208,39,3.4,0.7,112,29,3.6,0.9,96,24,3.2,0.8,259,46,4.3,0.7,134,33,4.3,1,125,25,4.2,0.8,391,67,6.5,1.1,205,43,6.6,1.4,186,37,6.3,1.2,361,56,6,0.9,188,33,6.1,1,173,38,5.8,1.2,391,47,6.5,0.7,178,31,5.8,1,213,34,7.2,1.1,458,61,7.6,1,256,41,8.3,1.3,202,36,6.8,1.2,578,60,9.5,1,282,36,9.1,1.2,296,38,10,1.4,610,68,10.1,1.1,331,42,10.7,1.4,279,42,9.4,1.4,454,53,7.5,0.9,211,30,6.8,0.9,243,35,8.2,1.2,390,59,6.4,0.9,205,35,6.6,1.1,185,38,6.2,1.2,211,35,3.5,0.6,120,23,3.9,0.7,91,21,3.1,0.7,124,27,2,0.4,60,17,1.9,0.5,64,19,2.2,0.6,91,18,1.5,0.3,41,12,1.3,0.4,50,14,1.7,0.5,44,12,0.7,0.2,33,10,1.1,0.3,11,7,0.4,0.3,44.1,1.5,44.8,1.5,43.4,1.8,104.1,5.7,58.8,3.3,22.5,2.1,36.3,2.4
1400000US55073001700,55073001700,"Census Tract 17, Marathon County, Wisconsin",3656,169,1883,94,1773,107,204,45,5.6,1.2,92,25,4.9,1.4,112,34,6.3,1.8,162,36,4.4,1,69,23,3.7,1.2,93,25,5.2,1.3,276,103,7.5,2.6,154,58,8.2,2.9,122,50,6.9,2.6,181,52,5,1.4,86,33,4.6,1.8,95,31,5.4,1.6,136,41,3.7,1.1,102,33,5.4,1.7,34,18,1.9,1,146,34,4,0.9,66,17,3.5,0.9,80,24,4.5,1.4,274,60,7.5,1.5,121,29,6.4,1.6,153,46,8.6,2.3,206,58,5.6,1.4,140,48,7.4,2.4,66,25,3.7,1.4,232,45,6.3,1.2,112,24,5.9,1.3,120,33,6.8,1.8,291,59,8,1.7,163,36,8.7,2,128,38,7.2,2.1,328,44,9,1.3,171,30,9.1,1.7,157,27,8.9,1.6,311,52,8.5,1.4,144,29,7.6,1.5,167,31,9.4,1.8,255,37,7,1.1,138,30,7.3,1.6,117,22,6.6,1.4,225,40,6.2,1.1,113,26,6,1.4,112,25,6.3,1.4,167,30,4.6,0.8,83,19,4.4,1,84,21,4.7,1.2,138,26,3.8,0.7,68,20,3.6,1.1,70,19,3.9,1,65,19,1.8,0.5,38,15,2,0.8,27,13,1.5,0.7,59,28,1.6,0.8,23,16,1.2,0.9,36,20,2,1.2,45.2,1.9,45,2.8,45.3,2.1,106.2,6.4,64.5,3.8,29.4,2.7,35,4.1
1400000US55073001800,55073001800,"Census Tract 18, Marathon County, Wisconsin",5450,161,2882,103,2568,108,257,44,4.7,0.8,112,31,3.9,1.1,145,33,5.6,1.2,341,59,6.3,1,176,36,6.1,1.2,165,42,6.4,1.4,443,62,8.1,1.1,208,42,7.2,1.3,235,46,9.2,1.7,367,50,6.7,0.9,222,39,7.7,1.2,145,32,5.6,1.2,133,32,2.4,0.6,93,26,3.2,0.9,40,13,1.6,0.5,149,29,2.7,0.5,83,20,2.9,0.7,66,20,2.6,0.8,326,65,6,1.2,171,44,5.9,1.5,155,35,6,1.4,307,44,5.6,0.8,161,32,5.6,1.1,146,28,5.7,1.2,414,69,7.6,1.2,217,38,7.5,1.3,197,48,7.7,1.8,461,65,8.5,1.1,244,44,8.5,1.5,217,37,8.5,1.4,496,60,9.1,1.1,267,39,9.3,1.3,229,34,8.9,1.3,468,50,8.6,1,251,38,8.7,1.3,217,29,8.5,1.2,424,55,7.8,1.1,240,36,8.3,1.3,184,34,7.2,1.3,285,37,5.2,0.7,144,26,5,0.9,141,24,5.5,1,245,39,4.5,0.7,125,27,4.3,0.9,120,23,4.7,0.9,144,30,2.6,0.5,80,20,2.8,0.7,64,19,2.5,0.7,116,28,2.1,0.5,49,17,1.7,0.6,67,20,2.6,0.8,74,20,1.4,0.4,39,15,1.4,0.5,35,13,1.4,0.5,44.9,0.8,45,1.1,44.7,1.4,112.2,5.7,65.9,3.6,26.3,2.1,39.6,2.7
1400000US55073001900,55073001900,"Census Tract 19, Marathon County, Wisconsin",5972,146,2935,94,3037,120,443,67,7.4,1.1,193,47,6.6,1.5,250,48,8.2,1.5,455,64,7.6,1,215,40,7.3,1.3,240,49,7.9,1.5,399,53,6.7,0.9,212,41,7.2,1.3,187,35,6.2,1.1,363,49,6.1,0.8,174,34,5.9,1.1,189,39,6.2,1.2,277,47,4.6,0.8,168,35,5.7,1.2,109,30,3.6,1,244,47,4.1,0.8,121,30,4.1,1,123,27,4.1,0.9,296,52,5,0.9,131,30,4.5,1,165,34,5.4,1.1,363,54,6.1,0.9,181,34,6.2,1.2,182,37,6,1.1,411,63,6.9,1,201,38,6.8,1.2,210,40,6.9,1.3,474,59,7.9,1,217,32,7.4,1.1,257,39,8.5,1.3,483,58,8.1,1,231,32,7.9,1.1,252,40,8.3,1.4,486,53,8.1,0.9,270,33,9.2,1.1,216,35,7.1,1.1,361,47,6,0.8,198,30,6.7,1.1,163,28,5.4,1,275,42,4.6,0.7,150,29,5.1,1,125,24,4.1,0.8,193,32,3.2,0.5,94,19,3.2,0.6,99,20,3.3,0.7,154,36,2.6,0.6,54,18,1.8,0.6,100,27,3.3,0.9,138,27,2.3,0.5,49,15,1.7,0.5,89,27,2.9,0.9,157,37,2.6,0.6,76,27,2.6,0.9,81,28,2.7,0.9,41.7,1,41.7,1.4,41.6,1.3,96.6,5.2,69.9,3.5,26.1,1.8,43.8,3
1400000US55073002000,55073002000,"Census Tract 20, Marathon County, Wisconsin",4009,150,2028,118,1981,95,205,59,5.1,1.4,113,42,5.6,2,92,34,4.6,1.7,283,47,7.1,1.1,128,32,6.3,1.4,155,32,7.8,1.6,324,47,8.1,1.1,178,32,8.8,1.5,146,37,7.4,1.7,318,50,7.9,1.2,140,34,6.9,1.6,178,37,9,1.7,183,60,4.6,1.5,104,43,5.1,2,79,36,4,1.8,177,48,4.4,1.2,81,27,4,1.4,96,30,4.8,1.5,233,48,5.8,1.2,104,30,5.1,1.5,129,34,6.5,1.7,246,48,6.1,1.2,143,33,7.1,1.6,103,24,5.2,1.2,264,51,6.6,1.2,119,29,5.9,1.4,145,36,7.3,1.9,370,63,9.2,1.5,181,40,8.9,1.8,189,40,9.5,1.9,335,54,8.4,1.4,195,40,9.6,2,140,26,7.1,1.3,242,43,6,1.1,117,26,5.8,1.3,125,26,6.3,1.3,230,47,5.7,1.2,147,31,7.2,1.5,83,24,4.2,1.2,222,48,5.5,1.2,111,30,5.5,1.5,111,24,5.6,1.2,145,40,3.6,1,73,22,3.6,1.1,72,22,3.6,1.1,102,24,2.5,0.6,46,15,2.3,0.7,56,17,2.8,0.9,57,18,1.4,0.5,19,11,0.9,0.5,38,14,1.9,0.7,73,22,1.8,0.5,29,14,1.4,0.7,44,16,2.2,0.8,40.8,2.4,40.9,2.5,40.6,3.3,102.4,7.8,68.7,4.1,25.2,2.5,43.5,3.4
1400000US55073002100,55073002100,"Census Tract 21, Marathon County, Wisconsin",6978,301,3635,189,3343,172,412,89,5.9,1.2,208,55,5.7,1.4,204,58,6.1,1.6,477,59,6.8,0.8,290,46,8,1.2,187,44,5.6,1.3,538,73,7.7,1.1,326,61,9,1.6,212,41,6.3,1.2,466,63,6.7,0.9,236,40,6.5,1.1,230,49,6.9,1.4,283,63,4.1,0.9,172,52,4.7,1.4,111,35,3.3,1,308,73,4.4,1,147,42,4,1.1,161,44,4.8,1.3,428,72,6.1,1,225,46,6.2,1.2,203,46,6.1,1.3,411,79,5.9,1.1,244,57,6.7,1.6,167,37,5,1.1,462,114,6.6,1.6,245,83,6.7,2.2,217,60,6.5,1.8,502,84,7.2,1.3,282,55,7.8,1.6,220,47,6.6,1.5,506,64,7.3,0.9,237,38,6.5,1.1,269,47,8,1.4,625,104,9,1.5,261,56,7.2,1.5,364,67,10.9,1.9,471,62,6.7,0.9,262,40,7.2,1.1,209,41,6.3,1.2,340,71,4.9,1,161,39,4.4,1,179,45,5.4,1.3,228,50,3.3,0.7,107,24,2.9,0.6,121,40,3.6,1.2,262,74,3.8,1,136,47,3.7,1.2,126,43,3.8,1.2,122,39,1.7,0.6,41,17,1.1,0.5,81,32,2.4,0.9,137,53,2,0.7,55,27,1.5,0.7,82,32,2.5,0.9,42.3,1.4,39.5,1.8,44.7,1.7,108.7,6.2,68.6,4.3,26.3,3.5,42.3,2.9
1400000US55073002200,55073002200,"Census Tract 22, Marathon County, Wisconsin",3469,160,1811,136,1658,102,217,46,6.3,1.3,120,40,6.6,2.1,97,33,5.9,1.9,275,50,7.9,1.3,138,35,7.6,1.7,137,32,8.3,1.7,246,49,7.1,1.3,133,40,7.3,2,113,28,6.8,1.6,205,49,5.9,1.4,133,39,7.3,2.2,72,28,4.3,1.6,262,80,7.6,2.2,149,66,8.2,3.3,113,38,6.8,2.3,217,54,6.3,1.5,95,26,5.2,1.5,122,38,7.4,2.2,156,49,4.5,1.3,97,37,5.4,1.9,59,24,3.6,1.4,194,52,5.6,1.4,90,30,5,1.5,104,43,6.3,2.5,204,40,5.9,1.2,94,26,5.2,1.5,110,27,6.6,1.7,171,32,4.9,1,89,23,4.9,1.3,82,19,4.9,1.2,283,47,8.2,1.3,148,25,8.2,1.4,135,37,8.1,2.1,241,32,6.9,1,140,26,7.7,1.6,101,18,6.1,1.1,193,34,5.6,1,89,22,4.9,1.2,104,22,6.3,1.4,154,32,4.4,1,83,23,4.6,1.3,71,20,4.3,1.2,145,40,4.2,1.1,84,28,4.6,1.5,61,25,3.7,1.5,86,28,2.5,0.8,34,22,1.9,1.2,52,24,3.1,1.4,83,31,2.4,0.9,30,20,1.7,1.1,53,21,3.2,1.3,137,37,3.9,1,65,25,3.6,1.3,72,28,4.3,1.6,38.5,2.5,37,2.9,40.5,2.9,109.2,11.2,72.2,6.1,30,2.7,42.2,4.9
1400000US55073002300,55073002300,"Census Tract 23, Marathon County, Wisconsin",7367,204,3742,127,3625,122,563,73,7.6,0.9,286,52,7.6,1.3,277,46,7.6,1.2,537,63,7.3,0.8,236,39,6.3,1,301,48,8.3,1.2,672,75,9.1,0.9,381,57,10.2,1.4,291,41,8,1.1,491,56,6.7,0.8,241,41,6.4,1.1,250,42,6.9,1.1,346,66,4.7,0.9,183,45,4.9,1.2,163,43,4.5,1.1,324,57,4.4,0.8,143,32,3.8,0.9,181,38,5,1,382,56,5.2,0.7,221,39,5.9,1,161,31,4.4,0.9,459,59,6.2,0.8,233,39,6.2,1,226,41,6.2,1.1,458,65,6.2,0.9,211,42,5.6,1.1,247,38,6.8,1.1,525,67,7.1,0.9,285,41,7.6,1.1,240,39,6.6,1.1,585,66,7.9,0.9,315,41,8.4,1.1,270,38,7.4,1.1,535,74,7.3,1,270,37,7.2,1,265,45,7.3,1.2,444,44,6,0.6,216,28,5.8,0.8,228,29,6.3,0.8,337,38,4.6,0.5,196,27,5.2,0.7,141,23,3.9,0.6,262,39,3.6,0.5,146,29,3.9,0.8,116,20,3.2,0.6,200,38,2.7,0.5,83,21,2.2,0.6,117,25,3.2,0.7,148,29,2,0.4,67,16,1.8,0.4,81,19,2.2,0.5,99,22,1.3,0.3,29,14,0.8,0.4,70,19,1.9,0.5,38.9,1.4,38.7,1.5,39.2,1.7,103.2,4.1,75.6,3.7,24.9,1.4,50.7,3.7
1400000US55097960100,55097960100,"Census Tract 9601, Portage County, Wisconsin",4551,158,2385,113,2166,99,215,53,4.7,1.1,125,37,5.2,1.5,90,34,4.2,1.6,238,38,5.2,0.8,122,35,5.1,1.4,116,25,5.4,1.1,274,52,6,1.1,115,30,4.8,1.2,159,41,7.3,1.7,345,64,7.6,1.3,207,54,8.7,2,138,37,6.4,1.6,233,57,5.1,1.2,166,49,7,1.9,67,23,3.1,1,150,44,3.3,1,65,26,2.7,1.1,85,29,3.9,1.3,217,50,4.8,1.1,130,34,5.5,1.4,87,26,4,1.2,271,46,6,1,109,28,4.6,1.2,162,28,7.5,1.3,273,71,6,1.5,144,38,6,1.6,129,38,6,1.7,254,39,5.6,0.8,122,25,5.1,1,132,25,6.1,1.2,396,63,8.7,1.4,187,37,7.8,1.6,209,40,9.6,1.9,371,48,8.2,1,192,31,8.1,1.4,179,30,8.3,1.3,432,48,9.5,1,233,30,9.8,1.3,199,30,9.2,1.4,319,42,7,1,177,31,7.4,1.3,142,24,6.6,1.2,243,45,5.3,1,122,30,5.1,1.3,121,25,5.6,1.1,151,38,3.3,0.9,69,21,2.9,0.9,82,24,3.8,1.1,106,27,2.3,0.6,68,22,2.9,0.9,38,14,1.8,0.7,63,23,1.4,0.5,32,15,1.3,0.6,31,13,1.4,0.6,46.3,1.7,45.4,3,46.7,1.9,110.1,6.9,68.9,4.5,32.7,2.5,36.1,3.3
1400000US55097960200,55097960200,"Census Tract 9602, Portage County, Wisconsin",4747,179,2448,131,2299,110,265,47,5.6,1,129,33,5.3,1.3,136,39,5.9,1.7,236,47,5,0.9,136,41,5.6,1.5,100,28,4.3,1.1,284,58,6,1.1,185,44,7.6,1.6,99,29,4.3,1.2,354,71,7.5,1.5,153,47,6.3,1.9,201,55,8.7,2.3,199,58,4.2,1.2,112,44,4.6,1.7,87,30,3.8,1.3,244,56,5.1,1.1,118,37,4.8,1.4,126,33,5.5,1.4,210,44,4.4,0.9,115,31,4.7,1.3,95,26,4.1,1.1,254,43,5.4,0.9,123,38,5,1.6,131,33,5.7,1.4,335,45,7.1,1,167,36,6.8,1.4,168,38,7.3,1.7,327,63,6.9,1.3,156,37,6.4,1.5,171,40,7.4,1.7,409,67,8.6,1.4,200,43,8.2,1.8,209,49,9.1,2.1,447,62,9.4,1.3,265,48,10.8,1.9,182,32,7.9,1.4,389,51,8.2,1,180,36,7.4,1.4,209,30,9.1,1.3,303,38,6.4,0.8,175,31,7.1,1.3,128,23,5.6,1.1,176,38,3.7,0.8,96,22,3.9,0.9,80,27,3.5,1.1,170,30,3.6,0.6,92,22,3.8,0.9,78,19,3.4,0.8,70,22,1.5,0.5,14,8,0.6,0.3,56,19,2.4,0.8,75,23,1.6,0.5,32,17,1.3,0.7,43,16,1.9,0.7,44.9,1,44.7,1.5,45.1,1.2,106.5,7.3,61.7,3.9,27,2.1,34.6,2.6
1400000US55097960300,55097960300,"Census Tract 9603, Portage County, Wisconsin",3772,315,1918,265,1854,192,282,88,7.5,2.1,125,56,6.5,3.1,157,76,8.5,3.7,129,53,3.4,1.3,53,39,2.8,1.9,76,43,4.1,2.2,105,52,2.8,1.4,56,40,2.9,2,49,40,2.6,2.1,48,50,1.3,1.3,30,47,1.6,2.4,18,20,1,1.1,1138,268,30.2,5.9,664,243,34.6,9.5,474,117,25.6,5.4,385,105,10.2,2.8,216,80,11.3,4.2,169,59,9.1,3.1,240,97,6.4,2.4,102,49,5.3,2.5,138,67,7.4,3.5,225,102,6,2.7,129,72,6.7,3.8,96,55,5.2,2.9,198,87,5.2,2.3,109,57,5.7,3,89,50,4.8,2.6,85,57,2.3,1.5,56,52,2.9,2.7,29,24,1.6,1.3,252,109,6.7,2.9,137,71,7.1,3.6,115,58,6.2,3.3,100,55,2.7,1.5,43,31,2.2,1.6,57,34,3.1,1.8,132,51,3.5,1.4,63,37,3.3,2,69,30,3.7,1.6,44,33,1.2,0.9,34,30,1.8,1.6,10,16,0.5,0.8,79,67,2.1,1.8,20,22,1,1.2,59,60,3.2,3.2,103,56,2.7,1.5,44,33,2.3,1.7,59,33,3.2,1.8,101,67,2.7,1.8,9,15,0.5,0.8,92,61,5,3.3,126,73,3.3,1.9,28,25,1.5,1.3,98,64,5.3,3.3,27.7,3,25.6,3,29.8,2.1,103.5,18.5,36.5,7.7,16.4,4.7,20.1,4.6
1400000US55097960400,55097960400,"Census Tract 9604, Portage County, Wisconsin",7019,380,3203,300,3816,267,191,108,2.7,1.5,120,92,3.7,2.9,71,36,1.9,1,189,82,2.7,1.2,79,39,2.5,1.2,110,61,2.9,1.6,163,55,2.3,0.8,79,38,2.5,1.2,84,38,2.2,1,2164,279,30.8,3.4,913,172,28.5,4.7,1251,196,32.8,4.1,2208,329,31.5,4.2,1051,254,32.8,6.4,1157,186,30.3,4.3,333,109,4.7,1.6,203,87,6.3,2.8,130,59,3.4,1.5,252,85,3.6,1.2,114,56,3.6,1.7,138,53,3.6,1.3,177,69,2.5,1,62,36,1.9,1.1,115,57,3,1.5,119,59,1.7,0.8,73,37,2.3,1.2,46,35,1.2,0.9,183,76,2.6,1.1,66,33,2.1,1.1,117,61,3.1,1.6,111,49,1.6,0.7,17,17,0.5,0.6,94,41,2.5,1.1,168,56,2.4,0.8,95,39,3,1.3,73,35,1.9,1,201,74,2.9,1,114,46,3.6,1.4,87,40,2.3,1,135,56,1.9,0.8,42,26,1.3,0.9,93,37,2.4,1,122,47,1.7,0.7,46,31,1.4,1,76,32,2,0.9,141,52,2,0.7,70,35,2.2,1.1,71,35,1.9,0.9,94,51,1.3,0.7,39,25,1.2,0.8,55,34,1.4,0.9,68,40,1,0.6,20,19,0.6,0.6,48,31,1.3,0.8,20.9,0.3,21.1,0.6,20.8,0.3,83.9,10.3,20.6,2.5,9.6,1.1,11,2
1400000US55097960500,55097960500,"Census Tract 9605, Portage County, Wisconsin",7188,377,3583,249,3605,296,372,136,5.2,1.9,211,94,5.9,2.5,161,71,4.5,1.9,536,172,7.5,2.3,263,79,7.3,2.2,273,159,7.6,4.2,338,106,4.7,1.5,160,72,4.5,2,178,84,4.9,2.3,293,109,4.1,1.5,160,80,4.5,2.2,133,86,3.7,2.3,320,137,4.5,1.9,222,109,6.2,2.9,98,73,2.7,2,299,126,4.2,1.7,123,65,3.4,1.8,176,83,4.9,2.3,452,160,6.3,2.1,283,102,7.9,2.7,169,90,4.7,2.3,294,114,4.1,1.6,128,68,3.6,1.9,166,68,4.6,2,425,136,5.9,1.9,215,84,6,2.4,210,80,5.8,2.3,527,169,7.3,2.3,264,98,7.4,2.7,263,90,7.3,2.4,567,144,7.9,1.9,306,82,8.5,2.2,261,87,7.2,2.5,773,166,10.8,2.3,358,104,10,2.8,415,97,11.5,2.7,694,182,9.7,2.6,395,138,11,3.8,299,83,8.3,2.5,377,113,5.2,1.6,178,71,5,2,199,84,5.5,2.3,337,102,4.7,1.4,138,59,3.9,1.7,199,80,5.5,2.1,354,111,4.9,1.5,110,52,3.1,1.5,244,97,6.8,2.6,83,47,1.2,0.7,52,38,1.5,1,31,33,0.9,0.9,147,63,2,0.9,17,23,0.5,0.6,130,60,3.6,1.6,48,2.8,45.3,1.9,49.8,2.1,99.4,10.9,59.2,5.4,28.7,3.7,30.4,2.7
1400000US55097960600,55097960600,"Census Tract 9606, Portage County, Wisconsin",5416,178,2805,130,2611,132,354,79,6.5,1.4,218,57,7.8,2,136,61,5.2,2.3,441,80,8.1,1.4,211,49,7.5,1.7,230,51,8.8,1.9,400,60,7.4,1,203,42,7.2,1.4,197,44,7.5,1.6,307,70,5.7,1.3,160,43,5.7,1.5,147,48,5.6,1.8,264,75,4.9,1.3,188,65,6.7,2.2,76,29,2.9,1.1,218,58,4,1.1,107,37,3.8,1.3,111,41,4.3,1.5,338,75,6.2,1.4,161,43,5.7,1.5,177,42,6.8,1.6,337,60,6.2,1.1,138,35,4.9,1.3,199,39,7.6,1.4,340,60,6.3,1.1,178,41,6.3,1.5,162,33,6.2,1.2,322,47,5.9,0.8,174,32,6.2,1.2,148,31,5.7,1.2,438,59,8.1,1,219,40,7.8,1.4,219,43,8.4,1.6,309,49,5.7,0.9,168,34,6,1.2,141,33,5.4,1.3,493,67,9.1,1.2,230,38,8.2,1.3,263,43,10.1,1.6,373,58,6.9,1.1,216,40,7.7,1.4,157,34,6,1.3,215,47,4,0.8,100,26,3.6,0.9,115,32,4.4,1.2,112,34,2.1,0.6,64,24,2.3,0.8,48,21,1.8,0.8,91,32,1.7,0.6,53,23,1.9,0.8,38,21,1.5,0.8,64,22,1.2,0.4,17,11,0.6,0.4,47,17,1.8,0.7,40.6,1.5,40.4,2.3,40.8,2.4,107.4,7.7,72.2,5.5,27.2,2.4,45,4.4
1400000US55097960701,55097960701,"Census Tract 9607.01, Portage County, Wisconsin",5142,305,2733,210,2409,201,236,82,4.6,1.6,144,57,5.3,2,92,56,3.8,2.2,253,81,4.9,1.5,174,66,6.4,2.3,79,36,3.3,1.5,564,125,11,2.3,258,93,9.4,3.2,306,99,12.7,3.6,344,107,6.7,2,220,70,8,2.5,124,66,5.1,2.7,218,95,4.2,1.7,162,76,5.9,2.6,56,39,2.3,1.5,182,86,3.5,1.6,124,62,4.5,2.2,58,39,2.4,1.6,200,67,3.9,1.3,88,43,3.2,1.5,112,40,4.6,1.6,238,80,4.6,1.5,94,40,3.4,1.4,144,52,6,2,451,103,8.8,2,223,60,8.2,2.2,228,67,9.5,2.9,361,91,7,1.9,179,54,6.5,2,182,61,7.6,2.7,464,155,9,2.9,239,86,8.7,3.2,225,89,9.3,3.5,476,105,9.3,1.9,214,64,7.8,2.3,262,72,10.9,3,407,92,7.9,1.8,246,75,9,2.7,161,54,6.7,2.4,340,86,6.6,1.7,177,54,6.5,2,163,51,6.8,2.1,103,42,2,0.8,55,31,2,1.1,48,23,2,1,153,63,3,1.2,66,37,2.4,1.4,87,40,3.6,1.6,114,41,2.2,0.8,48,29,1.8,1.1,66,32,2.7,1.3,38,31,0.7,0.6,22,25,0.8,0.9,16,18,0.7,0.8,43.4,1.9,42.5,2.8,45.5,4.7,113.4,12.2,63.8,6,23.8,3,40,4.5
1400000US55097960702,55097960702,"Census Tract 9607.02, Portage County, Wisconsin",3321,201,1707,152,1614,120,142,69,4.3,2,79,48,4.6,2.7,63,43,3.9,2.6,102,46,3.1,1.4,49,37,2.9,2.2,53,36,3.3,2.2,224,55,6.7,1.6,126,44,7.4,2.5,98,43,6.1,2.6,275,85,8.3,2.5,157,76,9.2,4.2,118,46,7.3,2.8,270,92,8.1,2.7,160,69,9.4,3.9,110,54,6.8,3.2,291,93,8.8,2.6,160,55,9.4,3.2,131,59,8.1,3.4,174,67,5.2,1.9,92,41,5.4,2.3,82,38,5.1,2.3,243,78,7.3,2.4,119,46,7,2.8,124,44,7.7,2.6,221,67,6.7,2,90,44,5.3,2.5,131,39,8.1,2.6,248,72,7.5,2.2,124,52,7.3,3,124,36,7.7,2.2,204,64,6.1,1.8,121,46,7.1,2.7,83,33,5.1,2,269,75,8.1,2.3,123,43,7.2,2.5,146,47,9,3,187,64,5.6,1.9,67,38,3.9,2.2,120,49,7.4,2.9,163,59,4.9,1.7,96,38,5.6,2.2,67,35,4.2,2.2,164,52,4.9,1.6,61,31,3.6,1.8,103,37,6.4,2.3,85,37,2.6,1.1,46,29,2.7,1.6,39,20,2.4,1.2,43,29,1.3,0.9,21,19,1.2,1.1,22,20,1.4,1.2,16,15,0.5,0.5,16,15,0.9,0.9,0,9,0,1.1,38.4,2.8,36.5,4.3,42,3.9,105.8,11.8,51.8,4.6,21.5,2.7,30.3,3.1
1400000US55097960800,55097960800,"Census Tract 9608, Portage County, Wisconsin",5200,295,2607,260,2593,210,183,94,3.5,1.7,114,60,4.4,2.3,69,47,2.7,1.8,226,85,4.3,1.6,114,67,4.4,2.4,112,61,4.3,2.3,452,98,8.7,1.9,199,76,7.6,2.7,253,75,9.8,2.6,337,112,6.5,2.1,143,67,5.5,2.5,194,86,7.5,3.1,474,220,9.1,4,277,153,10.6,5.5,197,94,7.6,3.5,500,147,9.6,2.8,286,91,11,3.3,214,99,8.3,3.7,381,101,7.3,2,250,89,9.6,3.5,131,63,5.1,2.4,201,94,3.9,1.8,94,50,3.6,1.9,107,58,4.1,2.2,283,105,5.4,2,112,55,4.3,2,171,66,6.6,2.6,315,112,6.1,2.2,190,83,7.3,3.2,125,53,4.8,2,336,88,6.5,1.7,141,56,5.4,2,195,59,7.5,2.3,310,93,6,1.9,141,62,5.4,2.5,169,61,6.5,2.4,278,81,5.3,1.6,119,49,4.6,2,159,60,6.1,2.4,388,90,7.5,1.7,191,59,7.3,2.2,197,60,7.6,2.3,215,71,4.1,1.3,109,52,4.2,2,106,46,4.1,1.8,103,54,2,1,57,36,2.2,1.4,46,30,1.8,1.2,72,37,1.4,0.7,23,24,0.9,0.9,49,30,1.9,1.2,146,57,2.8,1.1,47,36,1.8,1.4,99,47,3.8,1.8,36,5,33,2.4,40.5,4.3,100.5,14.4,61.3,7.2,28.7,3.4,32.6,5.2
1400000US55097960900,55097960900,"Census Tract 9609, Portage County, Wisconsin",3271,218,1596,145,1675,172,101,62,3.1,1.8,52,48,3.3,2.9,49,35,2.9,2,104,57,3.2,1.8,40,36,2.5,2.3,64,50,3.8,3,261,62,8,1.9,166,49,10.4,2.9,95,53,5.7,3.2,306,117,9.4,3.3,154,67,9.6,3.9,152,74,9.1,4,624,170,19.1,4.6,237,96,14.8,5.5,387,132,23.1,6.4,159,71,4.9,2.1,72,38,4.5,2.4,87,50,5.2,2.9,220,75,6.7,2.2,138,55,8.6,3.3,82,45,4.9,2.7,188,68,5.7,2.1,104,52,6.5,3.3,84,40,5,2.4,213,97,6.5,3.1,126,59,7.9,3.9,87,58,5.2,3.6,281,80,8.6,2.6,125,58,7.8,3.7,156,50,9.3,3.1,219,69,6.7,2,126,55,7.9,3.4,93,43,5.6,2.7,157,72,4.8,2.2,57,36,3.6,2.3,100,55,6,3.3,97,47,3,1.4,39,30,2.4,1.9,58,33,3.5,2,122,50,3.7,1.5,65,39,4.1,2.4,57,30,3.4,1.7,88,46,2.7,1.4,43,32,2.7,2,45,39,2.7,2.3,28,24,0.9,0.7,17,18,1.1,1.1,11,17,0.7,1,67,44,2,1.3,24,21,1.5,1.3,43,33,2.6,2,36,26,1.1,0.8,11,15,0.7,0.9,25,22,1.5,1.3,31.8,4.1,33.3,4,30.4,7.6,95.3,13.3,43.2,5.9,14.9,2.9,28.3,4.6
1400000US55097961000,55097961000,"Census Tract 9610, Portage County, Wisconsin",2867,289,1387,231,1480,238,88,67,3.1,2.2,47,53,3.4,3.6,41,34,2.8,2.2,61,42,2.1,1.5,5,9,0.4,0.6,56,40,3.8,2.7,119,50,4.2,1.7,69,50,5,3.5,50,36,3.4,2.3,154,74,5.4,2.5,70,61,5,4.2,84,38,5.7,2.6,903,269,31.5,7.1,367,177,26.5,10,536,209,36.2,10.3,300,98,10.5,3.6,204,83,14.7,5.7,96,53,6.5,3.7,297,106,10.4,3.9,138,70,9.9,5.3,159,63,10.7,4.5,168,89,5.9,3.1,123,57,8.9,4.4,45,40,3,2.8,106,72,3.7,2.5,60,49,4.3,3.3,46,39,3.1,2.6,105,40,3.7,1.5,22,17,1.6,1.3,83,39,5.6,2.9,84,42,2.9,1.5,52,42,3.7,3,32,21,2.2,1.5,153,63,5.3,2.2,90,45,6.5,3.5,63,40,4.3,2.9,91,50,3.2,1.8,39,31,2.8,2.3,52,33,3.5,2.4,122,65,4.3,2.3,52,32,3.7,2.3,70,45,4.7,2.9,42,34,1.5,1.2,42,34,3,2.4,0,9,0,1.2,60,41,2.1,1.5,7,11,0.5,0.8,53,37,3.6,2.6,14,16,0.5,0.6,0,9,0,1.3,14,16,0.9,1.1,0,9,0,0.6,0,9,0,1.3,0,9,0,1.2,26.8,3.7,28.7,3.3,24.2,4.9,93.7,24.6,25.3,5.1,10.4,3,14.9,3.5
1400000US55097961100,55097961100,"Census Tract 9611, Portage County, Wisconsin",6414,541,3108,308,3306,335,249,81,3.9,1.2,87,48,2.8,1.5,162,61,4.9,1.8,253,96,3.9,1.4,164,84,5.3,2.6,89,49,2.7,1.4,464,151,7.2,2.1,282,113,9.1,3.2,182,77,5.5,2.2,344,111,5.4,1.5,272,109,8.8,3.1,72,34,2.2,1,492,163,7.7,2.3,180,92,5.8,2.9,312,119,9.4,3.3,439,137,6.8,2.2,171,75,5.5,2.5,268,105,8.1,3.1,326,99,5.1,1.5,145,53,4.7,1.8,181,66,5.5,1.9,340,94,5.3,1.5,161,72,5.2,2.3,179,70,5.4,2.1,367,97,5.7,1.5,221,65,7.1,2.1,146,51,4.4,1.5,515,186,8,2.6,259,99,8.3,2.8,256,109,7.7,3,538,155,8.4,2.3,287,102,9.2,3.3,251,78,7.6,2.3,382,91,6,1.4,163,59,5.2,1.9,219,76,6.6,2.3,415,104,6.5,1.5,212,71,6.8,2.2,203,65,6.1,2,466,147,7.3,2.3,196,81,6.3,2.6,270,90,8.2,2.9,213,82,3.3,1.4,94,67,3,2.2,119,58,3.6,1.7,225,75,3.5,1.2,103,42,3.3,1.4,122,63,3.7,2,148,74,2.3,1.1,73,40,2.3,1.3,75,50,2.3,1.5,238,100,3.7,1.5,38,25,1.2,0.8,200,88,6,2.5,44.4,3.1,42.5,4.6,46.8,3.4,94,10.3,61.8,8.7,32.5,7.8,29.3,3.8
1400000US55097961200,55097961200,"Census Tract 9612, Portage County, Wisconsin",6474,296,3191,214,3283,211,584,185,9,2.7,236,107,7.4,3.2,348,144,10.6,4,323,85,5,1.3,101,45,3.2,1.4,222,86,6.8,2.7,435,119,6.7,1.9,260,123,8.1,3.7,175,78,5.3,2.4,239,67,3.7,1.1,140,54,4.4,1.6,99,35,3,1.1,708,227,10.9,3.2,308,114,9.7,3.3,400,143,12.2,4.2,599,154,9.3,2.3,294,113,9.2,3.5,305,107,9.3,2.9,458,133,7.1,2,214,100,6.7,3.2,244,85,7.4,2.6,279,101,4.3,1.6,168,80,5.3,2.5,111,54,3.4,1.7,298,122,4.6,1.9,159,75,5,2.4,139,65,4.2,2,430,94,6.6,1.5,291,79,9.1,2.6,139,34,4.2,1.1,407,86,6.3,1.3,197,61,6.2,1.9,210,47,6.4,1.5,422,74,6.5,1.1,193,48,6,1.5,229,48,7,1.4,357,95,5.5,1.5,191,56,6,1.8,166,51,5.1,1.6,248,58,3.8,0.9,124,41,3.9,1.3,124,40,3.8,1.2,222,63,3.4,1,88,34,2.8,1.1,134,49,4.1,1.5,166,47,2.6,0.7,101,33,3.2,1,65,25,2,0.7,160,69,2.5,1.1,62,31,1.9,1,98,59,3,1.8,139,80,2.1,1.2,64,67,2,2.1,75,49,2.3,1.5,32.7,4.5,36.3,5.5,31.7,2.4,97.2,9.2,61.8,6.1,23.4,3,38.4,4.4
1400000US55097961300,55097961300,"Census Tract 9613, Portage County, Wisconsin",4989,199,2662,136,2327,121,306,65,6.1,1.2,187,49,7,1.7,119,31,5.1,1.3,314,63,6.3,1.2,183,41,6.9,1.4,131,39,5.6,1.6,369,56,7.4,1.1,158,29,5.9,1.1,211,44,9.1,1.8,335,55,6.7,1.1,158,35,5.9,1.3,177,41,7.6,1.7,313,65,6.3,1.2,207,57,7.8,2,106,38,4.6,1.5,174,48,3.5,1,102,32,3.8,1.2,72,24,3.1,1.1,240,63,4.8,1.2,112,31,4.2,1.1,128,39,5.5,1.7,256,49,5.1,1,112,32,4.2,1.1,144,33,6.2,1.4,371,65,7.4,1.2,220,43,8.3,1.5,151,33,6.5,1.4,382,67,7.7,1.3,168,39,6.3,1.5,214,43,9.2,1.9,378,57,7.6,1.1,218,36,8.2,1.3,160,36,6.9,1.5,422,60,8.5,1.2,213,40,8,1.6,209,32,9,1.4,358,40,7.2,0.8,204,32,7.7,1.3,154,23,6.6,1.1,283,37,5.7,0.8,157,24,5.9,1,126,22,5.4,1,187,31,3.7,0.6,97,23,3.6,0.9,90,20,3.9,0.8,144,26,2.9,0.5,69,18,2.6,0.7,75,19,3.2,0.8,96,21,1.9,0.4,65,18,2.4,0.6,31,11,1.3,0.5,61,18,1.2,0.3,32,12,1.2,0.4,29,10,1.2,0.4,42.3,1.5,42.6,1.8,41.8,2.2,114.4,7.5,67,4.1,25.8,1.8,41.2,3.7
1400000US55115100100,55115100100,"Census Tract 1001, Shawano County, Wisconsin",2838,157,1416,108,1422,95,146,49,5.1,1.7,82,45,5.8,3,64,26,4.5,1.7,111,43,3.9,1.6,38,26,2.7,1.9,73,41,5.1,2.8,190,45,6.7,1.6,131,43,9.3,2.8,59,25,4.1,1.8,188,52,6.6,1.7,79,34,5.6,2.3,109,46,7.7,3,152,56,5.4,1.8,61,31,4.3,2.1,91,47,6.4,3.2,69,22,2.4,0.8,24,13,1.7,0.9,45,16,3.2,1.2,145,47,5.1,1.6,71,33,5,2.3,74,33,5.2,2.4,127,44,4.5,1.6,84,38,5.9,2.7,43,20,3,1.4,188,71,6.6,2.4,113,46,8,3,75,35,5.3,2.5,198,57,7,1.9,82,30,5.8,2.1,116,41,8.2,2.7,258,42,9.1,1.6,110,30,7.8,2.2,148,29,10.4,2.2,266,61,9.4,2.1,146,37,10.3,2.7,120,37,8.4,2.5,227,59,8,2,128,35,9,2.5,99,31,7,2.2,186,38,6.6,1.4,74,21,5.2,1.6,112,29,7.9,1.9,139,25,4.9,0.9,69,20,4.9,1.4,70,21,4.9,1.6,156,36,5.5,1.2,71,24,5,1.6,85,24,6,1.6,60,19,2.1,0.7,39,14,2.8,1,21,13,1.5,1,32,14,1.1,0.5,14,10,1,0.7,18,10,1.3,0.8,47.9,2.1,47.1,4,48.6,2.3,99.6,9.2,65,6.1,33.3,3.6,31.7,3.7
1400000US55115100200,55115100200,"Census Tract 1002, Shawano County, Wisconsin",1732,139,900,81,832,78,52,33,3,1.9,28,20,3.1,2.2,24,19,2.9,2.2,32,18,1.8,1,11,8,1.2,0.9,21,15,2.5,1.8,69,23,4,1.4,34,19,3.8,2.1,35,18,4.2,2.1,60,31,3.5,1.7,39,27,4.3,2.9,21,19,2.5,2.2,43,38,2.5,2.1,35,36,3.9,3.9,8,13,1,1.5,61,37,3.5,2.1,23,16,2.6,1.8,38,30,4.6,3.6,75,39,4.3,2.2,52,25,5.8,2.7,23,18,2.8,2.2,57,35,3.3,2,21,15,2.3,1.7,36,22,4.3,2.5,69,30,4,1.7,36,18,4,2,33,18,4,2.2,82,34,4.7,2,42,21,4.7,2.5,40,23,4.8,2.8,174,52,10,2.9,89,31,9.9,3.4,85,34,10.2,3.8,199,65,11.5,3.5,134,46,14.9,4.8,65,39,7.8,4.5,196,63,11.3,3.4,73,36,8.1,4,123,36,14.8,4,171,40,9.9,2.4,96,31,10.7,3.4,75,29,9,3.7,156,41,9,2.4,75,32,8.3,3.6,81,27,9.7,3.3,122,41,7,2.4,58,25,6.4,2.8,64,26,7.7,3.1,79,38,4.6,2.2,29,21,3.2,2.3,50,23,6,2.8,35,16,2,0.9,25,15,2.8,1.6,10,7,1.2,0.9,57,2.4,56.1,1.5,59.1,4.1,108.2,9.5,77.3,11.5,57.6,10.1,19.7,4.4
1400000US55115100300,55115100300,"Census Tract 1003, Shawano County, Wisconsin",3634,177,1857,134,1777,127,225,67,6.2,1.8,119,53,6.4,2.6,106,50,6,2.6,170,54,4.7,1.5,100,43,5.4,2.1,70,26,3.9,1.5,201,57,5.5,1.6,111,42,6,2.1,90,39,5.1,2.2,192,59,5.3,1.6,106,44,5.7,2.2,86,34,4.8,1.9,86,31,2.4,0.8,42,21,2.3,1.1,44,24,2.5,1.4,86,51,2.4,1.4,32,38,1.7,2.1,54,36,3,2,209,60,5.8,1.6,112,41,6,2.3,97,45,5.5,2.4,219,66,6,1.7,125,60,6.7,3.3,94,41,5.3,2.4,307,83,8.4,2.1,157,56,8.5,2.7,150,58,8.4,3.2,225,54,6.2,1.5,108,36,5.8,2,117,46,6.6,2.6,250,70,6.9,2,118,48,6.4,2.7,132,42,7.4,2.4,299,65,8.2,1.8,162,44,8.7,2.4,137,39,7.7,2.3,282,65,7.8,1.7,137,36,7.4,2.1,145,41,8.2,2.2,312,89,8.6,2.4,151,48,8.1,2.5,161,59,9.1,3.2,252,59,6.9,1.7,140,48,7.5,2.6,112,36,6.3,2.1,183,56,5,1.5,77,27,4.1,1.4,106,49,6,2.8,79,31,2.2,0.8,28,15,1.5,0.8,51,25,2.9,1.4,57,28,1.6,0.8,32,17,1.7,0.9,25,18,1.4,1,46.8,2.9,45.7,4.2,48.4,4.8,104.5,11,76.6,9.4,42.9,6.7,33.7,6.1
1400000US55115100400,55115100400,"Census Tract 1004, Shawano County, Wisconsin",4485,225,2208,161,2277,199,182,77,4.1,1.7,81,44,3.7,1.9,101,54,4.4,2.3,393,85,8.8,1.8,220,83,10,3.6,173,68,7.6,2.8,222,87,4.9,1.9,71,45,3.2,2,151,71,6.6,2.9,223,70,5,1.5,151,56,6.8,2.5,72,37,3.2,1.6,294,95,6.6,2,156,51,7.1,2.3,138,65,6.1,2.7,288,83,6.4,1.8,112,53,5.1,2.4,176,67,7.7,2.7,371,107,8.3,2.2,169,59,7.7,2.7,202,68,8.9,2.8,207,70,4.6,1.5,125,57,5.7,2.5,82,38,3.6,1.7,267,98,6,2.2,152,78,6.9,3.3,115,51,5.1,2.3,249,82,5.6,1.8,140,66,6.3,2.9,109,45,4.8,2,416,109,9.3,2.3,166,73,7.5,3.1,250,83,11,3.5,301,77,6.7,1.7,194,55,8.8,2.5,107,53,4.7,2.3,252,85,5.6,2,88,43,4,2,164,63,7.2,2.9,111,45,2.5,1,50,30,2.3,1.4,61,35,2.7,1.5,217,81,4.8,1.8,86,42,3.9,1.9,131,70,5.8,3.2,202,66,4.5,1.5,116,54,5.3,2.4,86,39,3.8,1.6,132,59,2.9,1.3,40,30,1.8,1.4,92,45,4,1.9,158,65,3.5,1.4,91,53,4.1,2.4,67,41,2.9,1.7,41.6,4,40.6,4.9,42.3,5.5,97,12.4,67.3,7.9,30.6,4.7,36.7,5.2
1400000US55115100500,55115100500,"Census Tract 1005, Shawano County, Wisconsin",4828,221,2300,211,2528,196,316,110,6.5,2.2,163,74,7.1,3.1,153,72,6.1,2.6,327,149,6.8,3,158,140,6.9,5.8,169,68,6.7,2.6,278,94,5.8,1.9,123,67,5.3,2.9,155,69,6.1,2.7,330,113,6.8,2.4,146,78,6.3,3.5,184,74,7.3,3,286,99,5.9,2.1,175,73,7.6,3.2,111,69,4.4,2.7,393,131,8.1,2.6,293,96,12.7,4,100,64,4,2.5,292,148,6,3,88,60,3.8,2.8,204,126,8.1,4.8,279,102,5.8,2.1,121,63,5.3,2.8,158,70,6.3,2.7,129,67,2.7,1.4,61,38,2.7,1.7,68,43,2.7,1.7,331,130,6.9,2.7,200,85,8.7,3.6,131,72,5.2,2.9,277,113,5.7,2.4,147,82,6.4,3.6,130,69,5.1,2.6,285,122,5.9,2.6,71,50,3.1,2.2,214,95,8.5,3.8,297,136,6.2,2.8,159,70,6.9,3.1,138,85,5.5,3.4,231,101,4.8,2.1,116,69,5,3,115,65,4.5,2.5,188,91,3.9,1.9,66,52,2.9,2.3,122,62,4.8,2.5,212,88,4.4,1.9,41,36,1.8,1.6,171,81,6.8,3.3,192,82,4,1.7,94,49,4.1,2.1,98,68,3.9,2.6,185,83,3.8,1.7,78,55,3.4,2.4,107,66,4.2,2.6,38.3,4,35.2,8.5,41.4,6.9,91,12.9,79.3,9.3,37.4,5.4,41.9,7.4
1400000US55115100600,55115100600,"Census Tract 1006, Shawano County, Wisconsin",4173,229,2132,147,2041,127,287,69,6.9,1.4,168,42,7.9,1.7,119,42,5.8,1.8,223,49,5.3,1.1,90,30,4.2,1.3,133,31,6.5,1.4,371,55,8.9,1.1,202,39,9.5,1.6,169,36,8.3,1.6,260,57,6.2,1.3,149,41,7,1.8,111,31,5.4,1.5,201,56,4.8,1.3,93,25,4.4,1.1,108,42,5.3,1.9,209,52,5,1.2,126,36,5.9,1.7,83,31,4.1,1.4,220,59,5.3,1.3,111,32,5.2,1.4,109,42,5.3,1.9,192,40,4.6,0.9,99,28,4.6,1.3,93,22,4.6,1,203,39,4.9,0.8,107,29,5,1.3,96,24,4.7,1.2,283,44,6.8,1.1,143,28,6.7,1.3,140,27,6.9,1.4,375,51,9,1.3,183,33,8.6,1.7,192,34,9.4,1.7,246,40,5.9,1,134,30,6.3,1.4,112,24,5.5,1.2,297,44,7.1,1.1,145,28,6.8,1.3,152,28,7.4,1.4,304,44,7.3,1,163,32,7.6,1.5,141,23,6.9,1.1,215,34,5.2,0.9,85,22,4,1,130,40,6.4,2.1,132,36,3.2,0.9,71,38,3.3,1.8,61,16,3,0.8,96,23,2.3,0.6,46,16,2.2,0.8,50,18,2.4,0.9,59,23,1.4,0.5,17,8,0.8,0.4,42,21,2.1,1,43.1,3.3,40.9,3.6,45,3.3,104.5,7.4,81.4,6.4,35,3.7,46.3,5.3
1400000US55115100700,55115100700,"Census Tract 1007, Shawano County, Wisconsin",3307,164,1692,95,1615,91,191,50,5.8,1.4,84,24,5,1.4,107,37,6.6,2.2,186,42,5.6,1.1,108,28,6.4,1.5,78,21,4.8,1.2,192,48,5.8,1.3,97,31,5.7,1.6,95,25,5.9,1.5,194,46,5.9,1.3,104,27,6.1,1.5,90,31,5.6,1.9,205,40,6.2,1.2,84,27,5,1.6,121,31,7.5,1.8,175,41,5.3,1.2,97,25,5.7,1.5,78,28,4.8,1.6,162,34,4.9,1,90,20,5.3,1.2,72,23,4.5,1.4,180,28,5.4,0.7,101,19,6,1.1,79,18,4.9,1.1,182,37,5.5,1.1,86,23,5.1,1.3,96,22,5.9,1.3,220,43,6.7,1.3,90,29,5.3,1.7,130,28,8,1.6,270,44,8.2,1.4,149,27,8.8,1.7,121,25,7.5,1.5,317,39,9.6,1.1,170,27,10,1.4,147,23,9.1,1.4,193,29,5.8,0.9,108,21,6.4,1.2,85,14,5.3,1,196,32,5.9,0.9,103,19,6.1,1.1,93,20,5.8,1.2,181,23,5.5,0.7,94,15,5.6,0.9,87,14,5.4,0.9,141,27,4.3,0.9,68,17,4,1,73,17,4.5,1.1,65,16,2,0.5,26,10,1.5,0.6,39,12,2.4,0.8,57,20,1.7,0.6,33,18,2,1.1,24,9,1.5,0.5,44.7,1.6,44.9,1.8,44.5,2.3,104.8,5.6,68.6,5.2,32.6,2.5,36,4.9
1400000US55115100800,55115100800,"Census Tract 1008, Shawano County, Wisconsin",4733,211,2251,141,2482,121,236,39,5,0.8,111,22,4.9,0.9,125,32,5,1.2,254,46,5.4,0.9,123,31,5.5,1.2,131,33,5.3,1.2,278,63,5.9,1.2,133,51,5.9,2.1,145,37,5.8,1.4,298,62,6.3,1.2,111,47,4.9,1.9,187,43,7.5,1.6,249,67,5.3,1.4,133,37,5.9,1.5,116,39,4.7,1.6,273,45,5.8,0.9,150,35,6.7,1.4,123,27,5,1.1,247,39,5.2,0.8,146,32,6.5,1.4,101,27,4.1,1,228,51,4.8,1,78,20,3.5,0.9,150,46,6,1.8,291,52,6.1,1.1,127,28,5.6,1.3,164,38,6.6,1.5,313,45,6.6,1,178,34,7.9,1.5,135,25,5.4,1,370,55,7.8,1.1,200,42,8.9,1.8,170,29,6.8,1.2,407,62,8.6,1.3,197,39,8.8,1.8,210,40,8.5,1.5,304,47,6.4,1,160,34,7.1,1.5,144,30,5.8,1.3,240,33,5.1,0.7,116,21,5.2,1,124,21,5,0.8,256,42,5.4,0.9,119,20,5.3,0.9,137,36,5.5,1.4,194,47,4.1,1,74,27,3.3,1.2,120,34,4.8,1.4,143,25,3,0.5,48,20,2.1,0.9,95,24,3.8,1,152,40,3.2,0.8,47,25,2.1,1.1,105,36,4.2,1.4,45.2,2.3,45.5,3.3,45,3.3,90.7,6.2,71.2,6.6,35.6,3.6,35.6,4.5
1400000US55115100900,55115100900,"Census Tract 1009, Shawano County, Wisconsin",3800,175,1911,99,1889,110,127,38,3.3,0.9,57,24,3,1.3,70,21,3.7,1,171,39,4.5,0.9,75,27,3.9,1.3,96,27,5.1,1.4,262,50,6.9,1.2,133,38,7,1.9,129,33,6.8,1.6,240,47,6.3,1.2,113,32,5.9,1.6,127,32,6.7,1.7,142,36,3.7,0.9,76,22,4,1.1,66,28,3.5,1.5,129,31,3.4,0.8,78,24,4.1,1.3,51,19,2.7,1,131,39,3.4,1,67,20,3.5,1.1,64,29,3.4,1.5,180,41,4.7,1,103,27,5.4,1.3,77,23,4.1,1.2,294,50,7.7,1.3,133,31,7,1.6,161,34,8.5,1.8,271,50,7.1,1.3,131,29,6.9,1.6,140,34,7.4,1.7,324,42,8.5,1.2,174,27,9.1,1.4,150,28,7.9,1.6,381,48,10,1.3,191,28,10,1.5,190,32,10.1,1.7,321,48,8.4,1.3,164,29,8.6,1.6,157,29,8.3,1.5,247,42,6.5,1.1,146,29,7.6,1.4,101,21,5.3,1.1,262,42,6.9,1.1,134,26,7,1.4,128,23,6.8,1.2,120,29,3.2,0.7,55,17,2.9,0.9,65,22,3.4,1.1,97,26,2.6,0.7,39,15,2,0.8,58,23,3.1,1.2,101,33,2.7,0.8,42,20,2.2,1,59,22,3.1,1.1,48.8,1.6,49.5,2,48.4,1.7,101.2,6.1,67.5,6.1,36.4,3.5,31,4.2
1400000US55115101000,55115101000,"Census Tract 1010, Shawano County, Wisconsin",3696,139,1917,89,1779,97,272,50,7.4,1.2,161,34,8.4,1.7,111,28,6.2,1.4,282,56,7.6,1.4,173,40,9,1.9,109,32,6.1,1.7,317,51,8.6,1.2,171,37,8.9,1.8,146,42,8.2,2.2,217,47,5.9,1.3,100,30,5.2,1.5,117,29,6.6,1.6,205,50,5.5,1.3,91,30,4.7,1.6,114,31,6.4,1.7,164,40,4.4,1.1,69,25,3.6,1.3,95,26,5.3,1.5,166,43,4.5,1.2,96,27,5,1.4,70,24,3.9,1.4,176,38,4.8,1,74,21,3.9,1.1,102,24,5.7,1.3,303,55,8.2,1.5,157,34,8.2,1.8,146,36,8.2,1.9,298,46,8.1,1.2,162,30,8.5,1.6,136,28,7.6,1.6,265,43,7.2,1.2,146,26,7.6,1.4,119,27,6.7,1.5,223,36,6,1,124,24,6.5,1.2,99,19,5.6,1.2,211,40,5.7,1.1,116,29,6.1,1.5,95,21,5.3,1.2,195,36,5.3,1,99,21,5.2,1.1,96,24,5.4,1.3,168,37,4.5,1,73,25,3.8,1.3,95,24,5.3,1.3,106,24,2.9,0.6,61,16,3.2,0.8,45,15,2.5,0.8,64,20,1.7,0.5,24,10,1.3,0.5,40,14,2.2,0.8,64,17,1.7,0.5,20,8,1,0.4,44,16,2.5,0.9,40.6,1,40.6,1.4,40.6,1.3,107.8,7.3,78.3,5.3,28.8,2.3,49.5,4.7
1400000US55115101100,55115101100,"Census Tract 1011, Shawano County, Wisconsin",3910,136,2048,80,1862,86,192,46,4.9,1.1,95,29,4.6,1.4,97,29,5.2,1.4,278,39,7.1,0.9,161,35,7.9,1.6,117,22,6.3,1.2,318,56,8.1,1.4,169,39,8.3,1.8,149,36,8,1.8,208,37,5.3,0.9,128,28,6.3,1.4,80,26,4.3,1.4,213,42,5.4,1,123,27,6,1.3,90,29,4.8,1.5,199,55,5.1,1.4,95,29,4.6,1.4,104,40,5.6,2.1,173,38,4.4,0.9,92,25,4.5,1.2,81,26,4.4,1.3,206,44,5.3,1.1,107,32,5.2,1.5,99,27,5.3,1.5,268,46,6.9,1.1,140,30,6.8,1.4,128,31,6.9,1.6,341,56,8.7,1.4,161,35,7.9,1.7,180,34,9.7,1.8,382,49,9.8,1.3,183,33,8.9,1.6,199,34,10.7,1.8,360,40,9.2,1,208,31,10.2,1.6,152,24,8.2,1.3,244,41,6.2,1.1,139,26,6.8,1.3,105,24,5.6,1.3,168,26,4.3,0.7,79,17,3.9,0.8,89,18,4.8,1,141,22,3.6,0.6,81,18,4,0.9,60,16,3.2,0.8,76,20,1.9,0.5,36,11,1.8,0.5,40,14,2.1,0.7,64,19,1.6,0.5,30,10,1.5,0.5,34,14,1.8,0.8,79,25,2,0.6,21,9,1,0.4,58,23,3.1,1.2,43.3,1.8,42.1,2.5,44.6,1.7,110,5.3,59.1,3.5,21.5,1.5,37.6,3.2
1400000US55135100100,55135100100,"Census Tract 1001, Waupaca County, Wisconsin",3886,195,2039,124,1847,126,204,45,5.2,1.1,128,37,6.3,1.7,76,27,4.1,1.4,262,54,6.7,1.3,150,36,7.4,1.6,112,38,6.1,1.9,270,55,6.9,1.3,159,48,7.8,2.2,111,31,6,1.6,184,35,4.7,0.9,91,25,4.5,1.2,93,27,5,1.4,194,50,5,1.2,113,42,5.5,2,81,26,4.4,1.4,163,52,4.2,1.3,75,28,3.7,1.3,88,35,4.8,1.9,254,50,6.5,1.3,132,40,6.5,2,122,31,6.6,1.8,214,37,5.5,0.9,111,28,5.4,1.3,103,22,5.6,1.2,204,42,5.2,1,111,23,5.4,1.2,93,26,5,1.4,310,61,8,1.5,161,41,7.9,2,149,35,8.1,1.8,301,45,7.7,1.1,139,25,6.8,1.2,162,29,8.8,1.5,286,39,7.4,1.1,153,27,7.5,1.4,133,21,7.2,1.3,293,39,7.5,1.1,147,27,7.2,1.4,146,27,7.9,1.5,211,52,5.4,1.4,114,38,5.6,1.9,97,29,5.3,1.6,193,44,5,1.1,96,36,4.7,1.7,97,21,5.3,1.2,103,26,2.7,0.6,47,15,2.3,0.7,56,18,3,1,87,36,2.2,0.9,50,33,2.5,1.6,37,13,2,0.7,153,71,3.9,1.8,62,28,3,1.4,91,55,4.9,2.8,44.8,2.5,42.8,2.8,46.4,1.8,110.4,9,69.5,5.5,32.6,3.4,37,4.9
1400000US55135100200,55135100200,"Census Tract 1002, Waupaca County, Wisconsin",2863,168,1491,117,1372,96,240,60,8.4,1.9,155,48,10.4,2.8,85,38,6.2,2.5,164,37,5.7,1.1,74,24,5,1.4,90,35,6.6,2.2,173,38,6,1.2,63,19,4.2,1.2,110,35,8,2.3,153,33,5.3,1.1,74,26,5,1.6,79,18,5.8,1.3,85,27,3,0.9,49,19,3.3,1.2,36,18,2.6,1.3,122,32,4.3,1.1,45,22,3,1.5,77,24,5.6,1.8,177,49,6.2,1.6,126,40,8.5,2.3,51,19,3.7,1.4,165,35,5.8,1.2,76,21,5.1,1.4,89,25,6.5,1.9,188,36,6.6,1.2,75,22,5,1.5,113,30,8.2,2.1,210,37,7.3,1.3,122,25,8.2,1.6,88,22,6.4,1.5,230,35,8,1.3,125,26,8.4,1.7,105,20,7.7,1.6,196,30,6.8,1,106,21,7.1,1.4,90,17,6.6,1.3,217,35,7.6,1.3,127,23,8.5,1.7,90,21,6.6,1.6,179,34,6.3,1.1,85,22,5.7,1.4,94,21,6.9,1.5,156,30,5.4,1.1,87,21,5.8,1.4,69,19,5,1.4,92,28,3.2,1,36,14,2.4,1,56,19,4.1,1.4,68,21,2.4,0.7,46,20,3.1,1.3,22,7,1.6,0.5,48,17,1.7,0.6,20,9,1.3,0.6,28,16,2,1.1,43.9,2,45.2,2.1,42.8,2.1,108.7,10.1,73.3,7.9,32.9,4.7,40.4,5.8
1400000US55135100300,55135100300,"Census Tract 1003, Waupaca County, Wisconsin",3753,144,2002,97,1751,88,111,28,3,0.7,73,25,3.6,1.2,38,18,2.2,1,181,39,4.8,1.1,104,32,5.2,1.6,77,29,4.4,1.6,279,68,7.4,1.6,187,53,9.3,2.4,92,28,5.3,1.5,254,49,6.8,1.2,157,41,7.8,2,97,31,5.5,1.6,147,34,3.9,0.9,92,26,4.6,1.3,55,22,3.1,1.3,132,45,3.5,1.2,77,29,3.8,1.4,55,27,3.1,1.5,155,35,4.1,1,66,18,3.3,0.9,89,27,5.1,1.6,170,35,4.5,0.9,75,25,3.7,1.2,95,25,5.4,1.4,276,51,7.4,1.3,126,32,6.3,1.6,150,30,8.6,1.6,314,57,8.4,1.5,175,40,8.7,1.9,139,32,7.9,1.8,275,40,7.3,1.1,138,29,6.9,1.4,137,21,7.8,1.2,379,46,10.1,1.3,183,32,9.1,1.7,196,30,11.2,1.7,248,36,6.6,1,127,24,6.3,1.2,121,24,6.9,1.4,233,51,6.2,1.4,119,31,5.9,1.6,114,30,6.5,1.7,194,31,5.2,0.8,100,23,5,1.2,94,22,5.4,1.3,162,33,4.3,0.9,84,22,4.2,1.1,78,20,4.5,1.1,95,25,2.5,0.7,44,14,2.2,0.7,51,21,2.9,1.2,148,45,3.9,1.2,75,32,3.7,1.6,73,35,4.2,2,47.5,1.5,45.9,1.5,49.6,2.1,114.3,7.1,73.1,4.9,38.4,3.7,34.7,3.9
1400000US55135100400,55135100400,"Census Tract 1004, Waupaca County, Wisconsin",4622,205,2491,144,2131,112,273,69,5.9,1.4,127,44,5.1,1.7,146,45,6.9,1.9,301,61,6.5,1.2,168,40,6.7,1.4,133,37,6.2,1.6,311,53,6.7,1.1,186,41,7.5,1.5,125,32,5.9,1.4,269,61,5.8,1.2,136,36,5.5,1.4,133,36,6.2,1.6,203,45,4.4,1,105,30,4.2,1.1,98,37,4.6,1.7,239,53,5.2,1.2,124,31,5,1.3,115,34,5.4,1.6,238,45,5.1,0.9,118,28,4.7,1.1,120,33,5.6,1.5,287,50,6.2,1,153,36,6.1,1.4,134,28,6.3,1.2,272,54,5.9,1.1,174,46,7,1.7,98,28,4.6,1.3,347,56,7.5,1.2,168,36,6.7,1.4,179,36,8.4,1.7,443,74,9.6,1.6,226,44,9.1,1.8,217,45,10.2,2.1,346,45,7.5,1,204,34,8.2,1.4,142,26,6.7,1.3,315,46,6.8,1,175,28,7,1.1,140,27,6.6,1.3,265,46,5.7,1,133,29,5.3,1.2,132,28,6.2,1.3,193,34,4.2,0.8,111,25,4.5,1.1,82,22,3.8,1.1,144,31,3.1,0.6,82,27,3.3,1,62,18,2.9,0.8,85,24,1.8,0.5,59,20,2.4,0.8,26,11,1.2,0.5,91,28,2,0.6,42,18,1.7,0.7,49,21,2.3,1,44,1.8,44.1,1.8,43.7,3.2,116.9,7.9,65.5,4.8,27.9,2.7,37.7,4.2
1400000US55135100500,55135100500,"Census Tract 1005, Waupaca County, Wisconsin",3100,331,1593,211,1507,189,70,61,2.3,1.9,35,40,2.2,2.5,35,47,2.3,3.1,91,52,2.9,1.6,35,36,2.2,2.2,56,39,3.7,2.5,103,69,3.3,2.3,56,49,3.5,3.2,47,41,3.1,2.7,124,71,4,2.3,68,48,4.3,3,56,45,3.7,2.9,96,53,3.1,1.8,41,33,2.6,2.1,55,32,3.6,2.1,119,70,3.8,2.2,33,22,2.1,1.4,86,62,5.7,4.1,67,51,2.2,1.6,42,32,2.6,2,25,23,1.7,1.5,172,105,5.5,3.3,124,77,7.8,4.7,48,42,3.2,2.8,100,55,3.2,1.8,40,30,2.5,1.9,60,38,4,2.6,150,76,4.8,2.5,64,37,4,2.4,86,48,5.7,3.1,166,69,5.4,2.2,74,38,4.6,2.5,92,54,6.1,3.4,216,83,7,2.9,140,61,8.8,4.1,76,48,5,3.3,211,75,6.8,2.3,134,54,8.4,3.3,77,40,5.1,2.6,249,76,8,2.4,121,48,7.6,2.9,128,44,8.5,2.9,185,70,6,2.3,96,50,6,3.2,89,43,5.9,2.9,204,105,6.6,3.1,135,98,8.5,5.5,69,33,4.6,2.2,220,103,7.1,3.4,95,58,6,3.8,125,70,8.3,4.6,557,213,18,5.8,260,126,16.3,6.6,297,126,19.7,7.3,61.2,5.6,60.9,5.7,61.9,6.8,105.7,15.5,134,31.9,106.8,31.8,27.2,7
1400000US55135100600,55135100600,"Census Tract 1006, Waupaca County, Wisconsin",5007,246,2665,170,2342,183,255,79,5.1,1.5,110,48,4.1,1.7,145,70,6.2,2.7,254,61,5.1,1.2,119,41,4.5,1.5,135,53,5.8,2.1,285,62,5.7,1.2,208,49,7.8,1.7,77,33,3.3,1.4,347,92,6.9,1.8,206,70,7.7,2.5,141,48,6,2,178,57,3.6,1.1,85,30,3.2,1.1,93,49,4,2.1,219,57,4.4,1.1,107,41,4,1.5,112,38,4.8,1.6,320,77,6.4,1.5,136,46,5.1,1.8,184,69,7.9,2.6,231,63,4.6,1.2,112,52,4.2,2,119,46,5.1,2,246,58,4.9,1.2,121,48,4.5,1.7,125,41,5.3,1.9,341,104,6.8,2,216,94,8.1,3.4,125,35,5.3,1.5,435,91,8.7,1.8,262,86,9.8,3.1,173,41,7.4,1.8,558,107,11.1,2.1,313,72,11.7,2.7,245,58,10.5,2.3,424,74,8.5,1.6,201,46,7.5,1.9,223,43,9.5,2.1,356,70,7.1,1.4,189,47,7.1,1.8,167,40,7.1,1.7,195,56,3.9,1.1,98,36,3.7,1.4,97,31,4.1,1.3,130,39,2.6,0.8,66,32,2.5,1.2,64,23,2.7,1,110,34,2.2,0.6,54,24,2,0.9,56,24,2.4,1,123,44,2.5,0.9,62,35,2.3,1.3,61,23,2.6,1,48.3,1.7,48.5,1.1,47.2,4.2,113.8,11.8,62.9,4.8,29.7,3.2,33.1,3.7
1400000US55135100700,55135100700,"Census Tract 1007, Waupaca County, Wisconsin",3293,231,1744,167,1549,115,172,73,5.2,2,94,55,5.4,2.8,78,46,5,2.8,223,54,6.8,1.5,125,44,7.2,2.2,98,27,6.3,1.6,187,31,5.7,0.9,104,28,6,1.5,83,27,5.4,1.7,210,53,6.4,1.6,126,43,7.2,2.6,84,30,5.4,1.9,251,122,7.6,3.4,131,68,7.5,3.5,120,60,7.7,3.6,104,33,3.2,1,58,23,3.3,1.3,46,18,3,1.1,183,60,5.6,1.7,110,45,6.3,2.3,73,27,4.7,1.7,213,50,6.5,1.4,133,41,7.6,2.3,80,27,5.2,1.7,193,38,5.9,1.2,75,26,4.3,1.5,118,30,7.6,1.9,231,49,7,1.5,108,32,6.2,2,123,33,7.9,2.2,282,51,8.6,1.6,152,37,8.7,2.2,130,27,8.4,1.7,251,45,7.6,1.5,160,31,9.2,1.9,91,27,5.9,1.7,198,42,6,1.3,88,28,5,1.7,110,30,7.1,1.9,176,35,5.3,1.1,90,21,5.2,1.4,86,26,5.6,1.6,152,35,4.6,1.1,66,27,3.8,1.5,86,21,5.6,1.4,94,32,2.9,1,70,28,4,1.6,24,11,1.5,0.7,60,32,1.8,1,22,25,1.3,1.4,38,17,2.5,1.1,113,44,3.4,1.4,32,17,1.8,1,81,34,5.2,2.2,42.1,3.7,39.4,4.4,44.7,3.5,112.6,11.2,67.9,5.4,30.3,3.9,37.6,3.8
1400000US55135100800,55135100800,"Census Tract 1008, Waupaca County, Wisconsin",4513,162,2346,100,2167,115,167,41,3.7,0.9,55,28,2.3,1.2,112,35,5.2,1.6,250,53,5.5,1.1,128,37,5.5,1.6,122,37,5.6,1.6,207,40,4.6,0.8,95,32,4,1.3,112,29,5.2,1.3,279,50,6.2,1.1,163,40,6.9,1.7,116,29,5.4,1.3,197,51,4.4,1.1,111,42,4.7,1.7,86,35,4,1.6,197,54,4.4,1.2,151,46,6.4,1.9,46,18,2.1,0.8,178,44,3.9,1,96,28,4.1,1.2,82,29,3.8,1.4,256,53,5.7,1.2,132,32,5.6,1.3,124,32,5.7,1.5,286,54,6.3,1.1,117,30,5,1.3,169,35,7.8,1.5,345,61,7.6,1.3,157,38,6.7,1.6,188,40,8.7,1.8,493,57,10.9,1.3,268,46,11.4,1.9,225,36,10.4,1.7,537,66,11.9,1.5,296,45,12.6,1.9,241,37,11.1,1.8,413,59,9.2,1.3,215,36,9.2,1.5,198,35,9.1,1.6,298,42,6.6,0.9,159,30,6.8,1.3,139,25,6.4,1.1,151,39,3.3,0.8,71,21,3,0.9,80,27,3.7,1.2,139,38,3.1,0.8,85,29,3.6,1.2,54,18,2.5,0.8,57,21,1.3,0.5,15,10,0.6,0.4,42,15,1.9,0.7,63,30,1.4,0.7,32,20,1.4,0.8,31,20,1.4,0.9,48.6,1.2,49,2.3,48.4,1.1,108.3,7,49.6,5.4,23.5,2.7,26.1,3.5
1400000US55135100900,55135100900,"Census Tract 1009, Waupaca County, Wisconsin",6053,94,2791,155,3262,150,263,102,4.3,1.7,119,71,4.3,2.5,144,79,4.4,2.4,477,129,7.9,2.2,233,104,8.3,3.6,244,78,7.5,2.3,383,109,6.3,1.8,130,60,4.7,2.1,253,91,7.8,2.9,464,163,7.7,2.7,272,126,9.7,4.3,192,70,5.9,2.2,372,139,6.1,2.3,152,91,5.4,3.3,220,93,6.7,2.8,400,138,6.6,2.3,176,73,6.3,2.7,224,101,6.9,3,282,116,4.7,1.9,117,75,4.2,2.7,165,90,5.1,2.7,505,155,8.3,2.5,304,104,10.9,3.6,201,80,6.2,2.4,438,127,7.2,2.1,195,67,7,2.4,243,81,7.4,2.6,256,107,4.2,1.8,127,78,4.6,2.8,129,63,4,1.9,482,166,8,2.7,242,103,8.7,3.7,240,96,7.4,2.9,395,126,6.5,2.1,162,73,5.8,2.6,233,97,7.1,2.9,294,133,4.9,2.2,114,68,4.1,2.5,180,86,5.5,2.6,271,88,4.5,1.5,108,59,3.9,2.1,163,61,5,1.9,199,100,3.3,1.6,93,58,3.3,2.1,106,74,3.2,2.2,191,94,3.2,1.6,80,46,2.9,1.7,111,66,3.4,2,190,102,3.1,1.7,112,81,4,2.9,78,49,2.4,1.5,191,90,3.2,1.5,55,71,2,2.5,136,63,4.2,1.9,39.2,2.7,38.5,2.9,39.8,3.2,85.6,8.2,66.8,8.1,28.7,4.7,38.1,7.6
1400000US55135101000,55135101000,"Census Tract 1010, Waupaca County, Wisconsin",6087,409,2962,319,3125,269,282,108,4.6,1.7,145,75,4.9,2.4,137,79,4.4,2.4,381,99,6.3,1.6,175,95,5.9,2.8,206,103,6.6,3.1,340,91,5.6,1.5,174,84,5.9,2.7,166,62,5.3,1.8,367,115,6,1.9,176,99,5.9,3.2,191,71,6.1,2.2,396,137,6.5,2.2,175,75,5.9,2.5,221,94,7.1,2.9,457,142,7.5,2.2,256,82,8.6,2.8,201,92,6.4,2.8,451,146,7.4,2.2,281,106,9.5,3.3,170,76,5.4,2.4,403,121,6.6,2,136,74,4.6,2.7,267,74,8.5,2.3,296,103,4.9,1.6,221,86,7.5,2.7,75,49,2.4,1.6,424,144,7,2.3,244,110,8.2,3.4,180,75,5.8,2.5,460,152,7.6,2.5,220,92,7.4,3.1,240,94,7.7,3.1,409,137,6.7,2.2,211,86,7.1,2.9,198,97,6.3,3.1,391,150,6.4,2.5,126,73,4.3,2.6,265,96,8.5,2.9,364,112,6,1.7,137,65,4.6,2.2,227,89,7.3,3,245,103,4,1.7,135,68,4.6,2.2,110,66,3.5,2.1,150,89,2.5,1.5,70,54,2.4,1.8,80,50,2.6,1.6,130,83,2.1,1.4,43,45,1.5,1.5,87,68,2.8,2.1,141,101,2.3,1.6,37,41,1.2,1.4,104,81,3.3,2.5,39.5,3.2,36.9,5.6,40.4,3.9,94.8,13.4,59.8,6.2,27,4.3,32.8,4
1400000US55135101100,55135101100,"Census Tract 1011, Waupaca County, Wisconsin",4795,122,2220,195,2575,189,393,185,8.2,3.9,174,75,7.8,3.3,219,173,8.5,6.5,288,118,6,2.5,197,95,8.9,4.4,91,56,3.5,2.2,404,187,8.4,3.9,205,146,9.2,6.4,199,138,7.7,5.2,225,103,4.7,2.2,89,61,4,2.6,136,85,5.3,3.3,325,115,6.8,2.4,174,73,7.8,3.1,151,82,5.9,3.1,201,88,4.2,1.8,99,53,4.5,2.4,102,53,4,2.1,380,181,7.9,3.8,172,100,7.7,4.4,208,110,8.1,4.4,325,139,6.8,2.9,131,78,5.9,3.4,194,93,7.5,3.6,147,95,3.1,2,47,37,2.1,1.7,100,78,3.9,3,301,135,6.3,2.8,86,58,3.9,2.5,215,108,8.3,4.1,205,107,4.3,2.2,101,75,4.5,3.4,104,65,4,2.6,251,94,5.2,1.9,121,55,5.5,2.4,130,56,5,2.2,459,175,9.6,3.6,235,89,10.6,4,224,120,8.7,4.7,273,126,5.7,2.6,194,102,8.7,4.3,79,47,3.1,1.9,128,77,2.7,1.6,51,37,2.3,1.7,77,55,3,2.2,145,84,3,1.7,55,43,2.5,1.9,90,57,3.5,2.2,213,96,4.4,2,69,49,3.1,2.2,144,76,5.6,2.9,132,75,2.8,1.6,20,26,0.9,1.1,112,70,4.3,2.7,38.1,4.7,35,6.3,38.9,7.9,86.2,13.3,83.7,16.8,34.1,9.9,49.6,11.7
1400000US55135101200,55135101200,"Census Tract 1012, Waupaca County, Wisconsin",3679,128,1961,99,1718,90,119,34,3.2,0.9,51,20,2.6,1,68,26,4,1.4,176,38,4.8,1,73,25,3.7,1.3,103,32,6,1.8,249,43,6.8,1.2,139,35,7.1,1.7,110,30,6.4,1.6,243,62,6.6,1.6,135,44,6.9,2.2,108,32,6.3,1.8,215,68,5.8,1.8,146,67,7.4,3.3,69,30,4,1.7,111,34,3,0.9,74,23,3.8,1.2,37,18,2.2,1,196,48,5.3,1.3,77,32,3.9,1.6,119,30,6.9,1.7,178,40,4.8,1.1,93,28,4.7,1.4,85,27,4.9,1.6,193,48,5.2,1.3,106,32,5.4,1.7,87,28,5.1,1.6,244,51,6.6,1.4,118,29,6,1.5,126,33,7.3,1.9,434,60,11.8,1.6,220,41,11.2,2.1,214,39,12.5,2.2,375,56,10.2,1.5,195,40,9.9,2,180,32,10.5,1.9,302,54,8.2,1.5,185,36,9.4,1.9,117,30,6.8,1.8,204,36,5.5,1,100,22,5.1,1.1,104,24,6.1,1.4,167,32,4.5,0.9,87,22,4.4,1.1,80,20,4.7,1.2,111,39,3,1,66,29,3.4,1.4,45,18,2.6,1,78,25,2.1,0.7,41,16,2.1,0.8,37,20,2.2,1.2,84,31,2.3,0.8,55,27,2.8,1.3,29,13,1.7,0.7,48.2,1.8,48.6,2.3,47.8,2.2,114.1,8.6,56.8,5.2,27.5,3.4,29.4,3.4
1400000US55137960100,55137960100,"Census Tract 9601, Waushara County, Wisconsin",3034,158,1567,103,1467,86,123,32,4.1,1,59,26,3.8,1.6,64,18,4.4,1.2,152,45,5,1.4,78,34,5,2.1,74,25,5,1.7,201,52,6.6,1.5,102,36,6.5,2.1,99,31,6.7,2,169,43,5.6,1.4,105,39,6.7,2.5,64,21,4.4,1.4,140,40,4.6,1.3,68,23,4.3,1.4,72,32,4.9,2.2,79,28,2.6,1,31,17,2,1.1,48,19,3.3,1.3,137,40,4.5,1.3,79,28,5,1.8,58,19,4,1.3,183,52,6,1.6,95,29,6.1,1.7,88,34,6,2.3,168,34,5.5,1.1,96,20,6.1,1.3,72,22,4.9,1.5,230,52,7.6,1.7,117,33,7.5,2.1,113,28,7.7,2,301,60,9.9,1.9,139,37,8.9,2.3,162,34,11,2.2,242,49,8,1.6,148,32,9.4,2,94,25,6.4,1.6,237,41,7.8,1.4,120,28,7.7,1.9,117,23,8,1.6,218,39,7.2,1.3,122,27,7.8,1.7,96,24,6.5,1.7,132,33,4.4,1.1,55,17,3.5,1.1,77,24,5.2,1.6,132,43,4.4,1.4,64,23,4.1,1.4,68,26,4.6,1.8,113,35,3.7,1.2,45,19,2.9,1.2,68,27,4.6,1.8,77,31,2.5,1,44,23,2.8,1.5,33,18,2.2,1.2,48.9,1.5,48.4,2.4,49.2,1.8,106.8,7.3,70.5,5.7,37.8,4.1,32.8,4
1400000US55137960200,55137960200,"Census Tract 9602, Waushara County, Wisconsin",3787,171,2009,103,1778,94,131,34,3.5,0.9,71,22,3.5,1.1,60,22,3.4,1.2,125,40,3.3,1,71,25,3.5,1.2,54,30,3,1.6,130,38,3.4,1,86,27,4.3,1.3,44,18,2.5,1,151,54,4,1.4,66,35,3.3,1.7,85,28,4.8,1.6,129,31,3.4,0.8,72,29,3.6,1.4,57,22,3.2,1.2,117,30,3.1,0.8,66,25,3.3,1.2,51,18,2.9,1,158,54,4.2,1.4,58,24,2.9,1.2,100,44,5.6,2.3,160,33,4.2,0.8,99,25,4.9,1.2,61,20,3.4,1.1,95,32,2.5,0.8,61,23,3,1.1,34,15,1.9,0.8,270,56,7.1,1.5,138,40,6.9,2,132,34,7.4,1.9,343,54,9.1,1.4,176,38,8.8,1.9,167,34,9.4,1.8,414,66,10.9,1.7,210,45,10.5,2.1,204,39,11.5,2.2,462,69,12.2,1.8,252,47,12.5,2.4,210,40,11.8,2.2,377,44,10,1.3,185,28,9.2,1.4,192,32,10.8,1.8,286,55,7.6,1.4,160,34,8,1.7,126,33,7.1,1.8,202,39,5.3,1,107,30,5.3,1.4,95,24,5.3,1.3,145,31,3.8,0.8,82,21,4.1,1.1,63,21,3.5,1.2,92,30,2.4,0.8,49,23,2.4,1.1,43,17,2.4,1,56.1,1.5,55.9,1.6,56.4,1.6,113,5.9,72.6,5.5,50.2,4.4,22.4,2.7
1400000US55137960300,55137960300,"Census Tract 9603, Waushara County, Wisconsin",3322,189,1630,125,1692,95,201,48,6.1,1.3,91,29,5.6,1.6,110,41,6.5,2.3,167,50,5,1.4,88,32,5.4,1.8,79,30,4.7,1.7,248,56,7.5,1.5,142,44,8.7,2.5,106,31,6.3,1.8,233,46,7,1.3,110,29,6.7,1.7,123,35,7.3,2,144,33,4.3,0.9,69,25,4.2,1.4,75,27,4.4,1.6,162,38,4.9,1.1,94,29,5.8,1.7,68,21,4,1.2,177,33,5.3,0.9,88,22,5.4,1.3,89,23,5.3,1.3,182,33,5.5,0.9,101,31,6.2,1.8,81,20,4.8,1.2,169,32,5.1,0.9,72,22,4.4,1.3,97,24,5.7,1.4,211,42,6.4,1.2,98,26,6,1.4,113,26,6.7,1.5,277,50,8.3,1.5,148,30,9.1,1.8,129,27,7.6,1.5,202,40,6.1,1.2,87,22,5.3,1.4,115,25,6.8,1.5,225,35,6.8,1.1,121,29,7.4,1.8,104,20,6.1,1.3,254,44,7.6,1.3,123,26,7.5,1.6,131,30,7.7,1.7,144,30,4.3,0.9,67,21,4.1,1.3,77,22,4.6,1.3,123,31,3.7,0.9,71,21,4.4,1.3,52,17,3.1,1,53,15,1.6,0.5,17,10,1,0.6,36,12,2.1,0.7,150,42,4.5,1.3,43,24,2.6,1.5,107,33,6.3,1.9,44.3,3.2,42,3.1,46.7,3.8,96.3,6.7,80.9,5.7,39.4,3.8,41.5,4.3
1400000US55137960400,55137960400,"Census Tract 9604, Waushara County, Wisconsin",3317,153,1673,98,1644,84,181,39,5.5,1.1,93,25,5.6,1.4,88,25,5.4,1.4,207,42,6.2,1.1,102,30,6.1,1.7,105,26,6.4,1.5,211,35,6.4,1,101,30,6,1.7,110,27,6.7,1.6,213,44,6.4,1.2,120,32,7.2,1.8,93,26,5.7,1.5,171,34,5.2,1,98,25,5.9,1.4,73,25,4.4,1.5,122,26,3.7,0.8,63,19,3.8,1.1,59,16,3.6,1,128,33,3.9,1,74,28,4.4,1.6,54,16,3.3,0.9,135,30,4.1,0.9,58,20,3.5,1.3,77,18,4.7,1,185,39,5.6,1.1,88,20,5.3,1.2,97,30,5.9,1.7,187,46,5.6,1.4,88,22,5.3,1.3,99,31,6,1.9,265,42,8,1.2,130,31,7.8,1.7,135,22,8.2,1.4,250,34,7.5,1.1,129,22,7.7,1.4,121,25,7.4,1.5,309,43,9.3,1.4,150,28,9,1.8,159,24,9.7,1.4,271,37,8.2,1.1,148,20,8.8,1.2,123,24,7.5,1.5,160,24,4.8,0.8,89,17,5.3,1.1,71,16,4.3,1,125,20,3.8,0.6,64,13,3.8,0.8,61,14,3.7,0.9,112,26,3.4,0.8,53,15,3.2,0.9,59,17,3.6,1,85,20,2.6,0.6,25,10,1.5,0.6,60,15,3.6,1,47.6,2.7,48.1,4.1,47.5,2.8,101.8,6.1,81.8,6.1,41.3,4.1,40.5,4.5
1400000US55137960600,55137960600,"Census Tract 9606, Waushara County, Wisconsin",2004,114,1030,72,974,75,76,59,3.8,2.9,42,41,4.1,3.8,34,25,3.5,2.5,40,19,2,1,29,18,2.8,1.7,11,12,1.1,1.2,65,30,3.2,1.5,26,20,2.5,1.9,39,23,4,2.3,102,33,5.1,1.7,64,26,6.2,2.5,38,22,3.9,2.3,69,29,3.4,1.4,35,21,3.4,2,34,20,3.5,2,76,29,3.8,1.4,62,27,6,2.5,14,12,1.4,1.2,51,26,2.5,1.2,35,22,3.4,2.1,16,17,1.6,1.7,55,30,2.7,1.4,12,10,1.2,0.9,43,31,4.4,3.1,87,33,4.3,1.7,26,19,2.5,1.9,61,23,6.3,2.3,116,39,5.8,1.9,58,23,5.6,2.2,58,29,6,2.9,188,50,9.4,2.5,106,39,10.3,3.8,82,27,8.4,2.8,232,48,11.6,2.3,106,29,10.3,2.8,126,26,12.9,2.6,158,46,7.9,2.2,80,30,7.8,2.8,78,26,8,2.7,227,51,11.3,2.6,96,27,9.3,2.8,131,35,13.4,3.6,178,46,8.9,2.3,101,33,9.8,3.2,77,24,7.9,2.5,120,40,6,2,59,29,5.7,2.8,61,24,6.3,2.5,121,37,6,1.8,69,27,6.7,2.6,52,26,5.3,2.7,43,27,2.1,1.3,24,24,2.3,2.3,19,15,2,1.5,57.3,1.6,56,3,57.9,1.3,105.7,9.7,90.1,10.5,65.4,8.7,24.8,4.1
1400000US55137960700,55137960700,"Census Tract 9607, Waushara County, Wisconsin",4387,159,2659,147,1728,88,153,36,3.5,0.8,66,29,2.5,1.1,87,23,5,1.3,162,44,3.7,1,84,32,3.2,1.2,78,28,4.5,1.6,254,49,5.8,1.1,92,37,3.5,1.3,162,39,9.4,2.1,130,39,3,0.9,67,27,2.5,1,63,23,3.6,1.3,191,48,4.4,1.1,122,36,4.6,1.4,69,25,4,1.4,379,85,8.6,1.9,256,73,9.6,2.8,123,52,7.1,2.9,417,80,9.5,1.7,320,76,12,2.6,97,26,5.6,1.5,271,62,6.2,1.4,222,58,8.3,2,49,19,2.8,1.1,314,62,7.2,1.4,210,58,7.9,2.2,104,28,6,1.7,361,58,8.2,1.2,230,49,8.6,1.7,131,37,7.6,2.1,407,64,9.3,1.6,253,53,9.5,2.1,154,29,8.9,1.8,365,60,8.3,1.3,235,58,8.8,2.1,130,30,7.5,1.8,324,49,7.4,1.1,176,35,6.6,1.3,148,28,8.6,1.7,212,36,4.8,0.8,126,28,4.7,1,86,18,5,1.1,160,33,3.6,0.8,75,23,2.8,0.9,85,22,4.9,1.3,128,34,2.9,0.8,62,22,2.3,0.8,66,22,3.8,1.3,86,29,2,0.6,28,17,1.1,0.6,58,25,3.4,1.4,73,23,1.7,0.5,35,17,1.3,0.6,38,17,2.2,1,44.2,1.6,42.9,3.5,46.5,1.4,153.9,12.5,43.5,3.2,21.6,1.9,21.9,2.2
1400000US55137960800,55137960800,"Census Tract 9608, Waushara County, Wisconsin",4319,196,2111,151,2208,128,288,63,6.7,1.4,175,46,8.3,1.9,113,47,5.1,2.2,307,73,7.1,1.6,170,50,8.1,2.4,137,45,6.2,2,296,67,6.9,1.5,110,35,5.2,1.5,186,54,8.4,2.3,241,66,5.6,1.4,124,51,5.9,2.3,117,38,5.3,1.6,236,54,5.5,1.2,120,46,5.7,2.1,116,43,5.3,1.9,239,45,5.5,1,110,34,5.2,1.6,129,30,5.8,1.4,203,47,4.7,1,97,31,4.6,1.4,106,34,4.8,1.5,136,46,3.1,1.1,63,27,3,1.2,73,37,3.3,1.7,277,60,6.4,1.4,156,39,7.4,1.9,121,33,5.5,1.5,252,54,5.8,1.3,139,38,6.6,1.9,113,35,5.1,1.6,321,79,7.4,1.8,162,44,7.7,2.1,159,51,7.2,2.3,258,44,6,1.1,112,31,5.3,1.5,146,28,6.6,1.3,364,62,8.4,1.4,182,40,8.6,1.8,182,38,8.2,1.7,340,68,7.9,1.5,162,46,7.7,2.1,178,42,8.1,1.9,217,41,5,1,112,27,5.3,1.4,105,26,4.8,1.2,136,34,3.1,0.8,41,15,1.9,0.7,95,27,4.3,1.2,81,23,1.9,0.5,44,17,2.1,0.8,37,14,1.7,0.6,127,36,2.9,0.8,32,18,1.5,0.8,95,31,4.3,1.4,43.8,2.1,42.5,2.1,45.3,2.8,95.6,8.9,80.4,6.9,37.6,3.9,42.8,4.5
1400000US55141010100,55141010100,"Census Tract 101, Wood County, Wisconsin",4715,184,2476,117,2239,109,245,45,5.2,0.9,138,35,5.6,1.4,107,26,4.8,1.1,349,56,7.4,1,164,31,6.6,1.2,185,47,8.3,1.9,381,38,8.1,0.8,192,31,7.8,1.2,189,30,8.4,1.2,302,61,6.4,1.3,175,45,7.1,1.7,127,29,5.7,1.3,259,63,5.5,1.3,145,45,5.9,1.8,114,32,5.1,1.4,220,50,4.7,1,139,41,5.6,1.6,81,19,3.6,0.8,273,40,5.8,0.8,123,25,5,1,150,27,6.7,1.2,283,44,6,0.9,166,32,6.7,1.3,117,23,5.2,1,284,46,6,0.9,139,29,5.6,1.1,145,27,6.5,1.2,297,44,6.3,1,154,27,6.2,1.1,143,29,6.4,1.3,399,44,8.5,1,210,31,8.5,1.3,189,24,8.4,1.2,433,48,9.2,1.1,236,31,9.5,1.3,197,34,8.8,1.6,308,35,6.5,0.7,171,23,6.9,0.9,137,25,6.1,1.1,207,35,4.4,0.7,102,24,4.1,1,105,24,4.7,1,194,28,4.1,0.6,93,19,3.8,0.8,101,18,4.5,0.8,135,27,2.9,0.6,75,16,3,0.6,60,19,2.7,0.8,60,19,1.3,0.4,18,8,0.7,0.3,42,16,1.9,0.7,86,48,1.8,1,36,20,1.5,0.8,50,32,2.2,1.4,40.8,1.8,39.9,2,41.7,1.8,110.6,6.2,64.1,4.1,23.7,2.6,40.4,3.3
1400000US55141010200,55141010200,"Census Tract 102, Wood County, Wisconsin",5135,197,2614,162,2521,138,275,86,5.4,1.7,185,75,7.1,2.7,90,33,3.6,1.3,353,99,6.9,1.9,138,46,5.3,1.8,215,85,8.5,3.2,290,81,5.6,1.6,194,77,7.4,2.9,96,45,3.8,1.8,304,105,5.9,2,230,108,8.8,4,74,31,2.9,1.3,365,169,7.1,3.2,174,91,6.7,3.4,191,96,7.6,3.7,198,67,3.9,1.3,87,41,3.3,1.6,111,41,4.4,1.6,338,99,6.6,1.9,179,68,6.8,2.6,159,52,6.3,2.1,227,70,4.4,1.4,138,53,5.3,2.1,89,45,3.5,1.7,352,103,6.9,2,117,51,4.5,1.9,235,70,9.3,2.7,398,91,7.8,1.8,233,69,8.9,2.7,165,53,6.5,2.1,323,96,6.3,1.9,149,50,5.7,1.9,174,72,6.9,2.9,494,101,9.6,2,216,59,8.3,2.3,278,66,11,2.6,300,76,5.8,1.5,125,47,4.8,1.8,175,59,6.9,2.4,415,107,8.1,2,227,67,8.7,2.5,188,65,7.5,2.5,189,58,3.7,1.1,66,37,2.5,1.4,123,50,4.9,1.9,179,70,3.5,1.4,103,46,3.9,1.8,76,39,3,1.6,93,55,1.8,1.1,22,29,0.8,1.1,71,44,2.8,1.7,42,24,0.8,0.5,31,23,1.2,0.9,11,9,0.4,0.4,43.1,1.9,39.1,4.4,45.1,3.8,103.7,9.2,66.1,7.5,29.7,3.5,36.4,5.4
1400000US55141010300,55141010300,"Census Tract 103, Wood County, Wisconsin",2929,198,1378,137,1551,162,209,81,7.1,2.7,119,70,8.6,4.9,90,49,5.8,3,118,44,4,1.5,27,27,2,2,91,43,5.9,2.9,187,88,6.4,2.9,100,60,7.3,4.4,87,52,5.6,3.2,136,69,4.6,2.3,60,38,4.4,2.7,76,54,4.9,3.3,196,82,6.7,2.5,94,56,6.8,3.8,102,51,6.6,2.9,265,87,9,3,126,53,9.1,3.7,139,52,9,3.4,379,91,12.9,3.2,159,61,11.5,4.5,220,59,14.2,3.7,163,65,5.6,2.2,99,51,7.2,3.7,64,32,4.1,2.1,124,66,4.2,2.2,65,32,4.7,2.3,59,49,3.8,3.1,103,56,3.5,1.8,50,42,3.6,3,53,38,3.4,2.3,210,77,7.2,2.6,136,71,9.9,5,74,37,4.8,2.4,284,91,9.7,3.2,128,70,9.3,4.9,156,56,10.1,3.8,156,60,5.3,2,87,44,6.3,3.3,69,38,4.4,2.5,189,58,6.5,2,67,35,4.9,2.5,122,46,7.9,2.7,70,46,2.4,1.6,5,9,0.4,0.7,65,45,4.2,2.9,74,41,2.5,1.4,20,15,1.5,1.1,54,37,3.5,2.3,25,26,0.9,0.9,14,21,1,1.5,11,17,0.7,1.1,41,33,1.4,1.1,22,24,1.6,1.7,19,21,1.2,1.4,34.7,2.8,36.1,4.1,34.5,2.9,88.8,13.8,48.5,6.2,20.2,3.2,28.2,4.5
1400000US55141010400,55141010400,"Census Tract 104, Wood County, Wisconsin",3377,221,1713,149,1664,132,175,56,5.2,1.6,136,54,7.9,3,39,31,2.3,1.8,206,70,6.1,2,126,60,7.4,3.4,80,44,4.8,2.5,197,79,5.8,2.2,112,52,6.5,2.9,85,48,5.1,2.8,248,66,7.3,1.9,136,51,7.9,2.9,112,40,6.7,2.3,133,75,3.9,2.1,81,61,4.7,3.5,52,37,3.1,2.2,129,55,3.8,1.6,50,32,2.9,1.8,79,39,4.7,2.4,222,91,6.6,2.7,124,53,7.2,3.1,98,52,5.9,3.1,174,88,5.2,2.5,80,46,4.7,2.7,94,53,5.6,3.1,223,84,6.6,2.4,102,47,6,2.7,121,50,7.3,2.9,208,67,6.2,1.9,121,44,7.1,2.6,87,43,5.2,2.5,185,66,5.5,2.1,73,38,4.3,2.2,112,43,6.7,2.7,195,76,5.8,2.3,79,41,4.6,2.5,116,52,7,3.1,371,126,11,3.6,173,64,10.1,3.6,198,76,11.9,4.5,177,53,5.2,1.5,104,43,6.1,2.4,73,32,4.4,1.9,241,69,7.1,2.1,115,48,6.7,2.9,126,46,7.6,2.8,112,50,3.3,1.5,49,32,2.9,1.9,63,36,3.8,2.2,64,28,1.9,0.9,29,23,1.7,1.3,35,27,2.1,1.6,117,70,3.5,2.1,23,21,1.3,1.3,94,63,5.6,3.7,44.6,3.6,40.9,4.6,48.7,5.5,102.9,10.7,72.2,8.1,36.3,5.1,36,5.4
1400000US55141010500,55141010500,"Census Tract 105, Wood County, Wisconsin",3074,185,1487,157,1587,160,209,82,6.8,2.6,128,83,8.6,5.2,81,41,5.1,2.4,156,42,5.1,1.4,93,48,6.3,3.1,63,46,4,2.7,195,86,6.3,2.8,85,63,5.7,4.3,110,53,6.9,3.1,85,46,2.8,1.5,51,39,3.4,2.6,34,25,2.1,1.6,194,93,6.3,3,64,46,4.3,3,130,65,8.2,4.1,216,81,7,2.6,91,47,6.1,3,125,47,7.9,2.9,175,85,5.7,2.7,95,54,6.4,3.6,80,48,5,2.8,151,59,4.9,1.9,74,38,5,2.5,77,37,4.9,2.5,126,55,4.1,1.8,65,36,4.4,2.7,61,29,3.8,1.7,120,60,3.9,2,64,35,4.3,2.5,56,34,3.5,2.1,276,75,9,2.5,121,47,8.1,3.3,155,46,9.8,2.9,200,69,6.5,2.2,105,42,7.1,2.7,95,43,6,2.8,282,68,9.2,2.3,144,49,9.7,3.2,138,43,8.7,2.8,105,64,3.4,2.1,71,54,4.8,3.5,34,29,2.1,1.8,223,79,7.3,2.6,89,45,6,3.1,134,51,8.4,3.2,80,49,2.6,1.5,26,22,1.7,1.5,54,34,3.4,2.1,98,53,3.2,1.7,44,34,3,2.2,54,35,3.4,2.2,183,80,6,2.6,77,42,5.2,2.9,106,51,6.7,3.1,45.6,4,44.9,3.7,47.9,6.2,93.7,15.5,74.5,9.6,39.1,7.4,35.4,4.5
1400000US55141010600,55141010600,"Census Tract 106, Wood County, Wisconsin",4291,362,1876,240,2415,240,171,129,4,2.8,51,48,2.7,2.4,120,96,5,3.8,284,150,6.6,3.2,100,77,5.3,3.8,184,106,7.6,4.3,265,103,6.2,2.2,83,62,4.4,3.1,182,106,7.5,4.2,367,134,8.6,3.1,124,71,6.6,3.6,243,104,10.1,4.1,246,134,5.7,3,170,110,9.1,5.5,76,53,3.1,2.1,291,114,6.8,2.5,177,87,9.4,4.4,114,55,4.7,2.3,303,121,7.1,2.8,183,97,9.8,5.2,120,63,5,2.5,263,103,6.1,2.5,103,63,5.5,3.3,160,68,6.6,2.9,182,90,4.2,2.2,127,63,6.8,3.5,55,47,2.3,1.9,220,95,5.1,2.1,98,63,5.2,3.3,122,68,5.1,2.7,369,138,8.6,3.3,136,78,7.2,4.3,233,95,9.6,3.9,201,89,4.7,2,85,51,4.5,2.8,116,70,4.8,2.9,219,99,5.1,2.3,100,54,5.3,3,119,61,4.9,2.6,261,89,6.1,2.1,60,40,3.2,2,201,77,8.3,3.3,193,71,4.5,1.6,127,49,6.8,2.7,66,40,2.7,1.6,83,52,1.9,1.2,47,38,2.5,2,36,35,1.5,1.4,116,62,2.7,1.4,39,36,2.1,1.9,77,47,3.2,1.9,257,112,6,2.6,66,51,3.5,2.7,191,77,7.9,3.1,38.6,5.7,37.4,6.4,40.3,9.4,77.7,11.7,75.7,8.9,37.3,5.1,38.5,7.6
1400000US55141010700,55141010700,"Census Tract 107, Wood County, Wisconsin",5116,231,2627,113,2489,154,291,71,5.7,1.2,113,34,4.3,1.3,178,63,7.2,2.2,295,59,5.8,1,166,51,6.3,1.8,129,30,5.2,1.2,403,64,7.9,1.1,221,41,8.4,1.6,182,59,7.3,2,390,69,7.6,1.3,204,49,7.8,1.8,186,44,7.5,1.7,174,48,3.4,0.9,100,32,3.8,1.2,74,31,3,1.2,188,42,3.7,0.8,114,31,4.3,1.1,74,23,3,1,212,55,4.1,1.1,89,29,3.4,1.1,123,31,4.9,1.2,258,44,5,0.9,128,29,4.9,1.1,130,29,5.2,1.2,305,112,6,2,145,61,5.5,2.3,160,58,6.4,2.1,361,63,7.1,1.2,188,39,7.2,1.4,173,37,7,1.5,412,57,8.1,1.2,175,36,6.7,1.4,237,37,9.5,1.7,594,73,11.6,1.5,307,46,11.7,1.8,287,43,11.5,1.8,432,64,8.4,1.3,241,38,9.2,1.5,191,37,7.7,1.6,296,59,5.8,1.2,149,43,5.7,1.6,147,32,5.9,1.4,193,41,3.8,0.8,115,28,4.4,1.1,78,30,3.1,1.2,133,37,2.6,0.7,76,25,2.9,1,57,23,2.3,0.9,115,53,2.2,1.1,69,34,2.6,1.3,46,25,1.8,1.1,64,28,1.3,0.5,27,17,1,0.7,37,16,1.5,0.6,45.4,2.1,45.7,1.8,45.2,2.9,105.5,6,66,5.2,26,2.6,40.1,4.7
1400000US55141010800,55141010800,"Census Tract 108, Wood County, Wisconsin",2725,112,1378,70,1347,75,128,37,4.7,1.3,49,20,3.6,1.4,79,29,5.9,2.1,147,27,5.4,0.9,68,16,4.9,1.1,79,20,5.9,1.4,186,26,6.8,1,100,21,7.3,1.5,86,20,6.4,1.4,165,32,6.1,1.1,84,22,6.1,1.5,81,20,6,1.5,120,32,4.4,1.1,68,25,4.9,1.8,52,22,3.9,1.6,111,28,4.1,1,55,17,4,1.2,56,17,4.2,1.2,142,28,5.2,1,85,22,6.2,1.5,57,15,4.2,1,158,27,5.8,1,85,20,6.2,1.4,73,15,5.4,1.2,127,27,4.7,1,66,16,4.8,1.2,61,17,4.5,1.2,225,39,8.3,1.4,107,25,7.8,1.9,118,26,8.8,1.9,239,33,8.8,1.2,124,21,9,1.4,115,18,8.5,1.4,232,30,8.5,1.1,114,18,8.3,1.4,118,18,8.8,1.3,199,35,7.3,1.3,116,23,8.4,1.8,83,19,6.2,1.4,180,30,6.6,1.1,99,21,7.2,1.6,81,18,6,1.2,143,26,5.2,1,67,12,4.9,0.9,76,20,5.6,1.6,94,20,3.4,0.8,53,13,3.8,0.9,41,15,3,1.1,63,13,2.3,0.5,24,7,1.7,0.5,39,9,2.9,0.7,66,29,2.4,1.1,14,6,1,0.4,52,28,3.9,2,47.1,1.5,46.6,1.7,47.5,1.9,102.3,7,68.8,3.9,33.8,2.8,35,3.1
1400000US55141010900,55141010900,"Census Tract 109, Wood County, Wisconsin",4145,165,2142,105,2003,117,318,63,7.7,1.3,144,45,6.7,2,174,51,8.7,2.3,252,40,6.1,0.9,131,29,6.1,1.4,121,32,6,1.5,242,44,5.8,1,99,26,4.6,1.2,143,37,7.1,1.7,225,47,5.4,1.1,109,27,5.1,1.3,116,40,5.8,2,211,47,5.1,1.1,111,39,5.2,1.8,100,34,5,1.6,227,43,5.5,1,110,32,5.1,1.4,117,26,5.8,1.2,197,48,4.8,1.1,88,27,4.1,1.3,109,31,5.4,1.4,192,32,4.6,0.7,122,26,5.7,1.1,70,18,3.5,0.9,235,44,5.7,1,137,30,6.4,1.3,98,24,4.9,1.2,307,64,7.4,1.5,149,35,7,1.7,158,40,7.9,1.9,326,43,7.9,1.1,169,29,7.9,1.4,157,24,7.8,1.3,366,51,8.8,1.3,178,29,8.3,1.4,188,35,9.4,1.8,349,48,8.4,1.2,194,38,9.1,1.7,155,24,7.7,1.2,232,41,5.6,0.9,135,27,6.3,1.2,97,23,4.8,1.1,229,35,5.5,0.9,141,27,6.6,1.3,88,20,4.4,1,113,26,2.7,0.6,59,17,2.8,0.8,54,15,2.7,0.8,81,24,2,0.6,40,14,1.9,0.6,41,17,2,0.9,43,18,1,0.4,26,14,1.2,0.7,17,9,0.8,0.4,44.5,1.8,45.6,1.5,42.7,3,106.9,7.8,67.9,4.7,28.3,2.1,39.6,4.2
1400000US55141011000,55141011000,"Census Tract 110, Wood County, Wisconsin",5413,411,2752,295,2661,255,377,121,7,2.1,206,102,7.5,3.5,171,68,6.4,2.5,339,131,6.3,2.3,169,76,6.1,2.6,170,89,6.4,3.1,247,117,4.6,2,91,51,3.3,1.8,156,85,5.9,2.9,272,94,5,1.6,181,70,6.6,2.4,91,58,3.4,2.1,455,155,8.4,2.7,293,123,10.6,4.2,162,89,6.1,3.3,372,123,6.9,2.1,156,71,5.7,2.4,216,89,8.1,3.1,373,138,6.9,2.4,163,78,5.9,2.8,210,89,7.9,3.2,273,105,5,1.9,130,62,4.7,2.2,143,80,5.4,3.1,329,138,6.1,2.5,211,117,7.7,4.3,118,74,4.4,2.7,293,119,5.4,2.1,213,110,7.7,3.9,80,54,3,2,393,121,7.3,2.3,224,96,8.1,3.4,169,65,6.4,2.7,470,158,8.7,3.1,251,96,9.1,3.5,219,107,8.2,4.3,192,82,3.5,1.5,116,70,4.2,2.6,76,45,2.9,1.6,119,47,2.2,0.9,44,28,1.6,1,75,42,2.8,1.6,202,86,3.7,1.5,48,38,1.7,1.4,154,67,5.8,2.4,194,101,3.6,1.8,83,55,3,2,111,56,4.2,2.1,180,93,3.3,1.7,66,44,2.4,1.6,114,63,4.3,2.3,333,120,6.2,2.3,107,56,3.9,2,226,115,8.5,4.2,40,5.8,39.2,6.2,41.5,9.7,103.4,13.8,66.6,11,31.6,6.7,35,7.4
1400000US55141011100,55141011100,"Census Tract 111, Wood County, Wisconsin",3645,271,1850,226,1795,115,299,159,8.2,3.9,159,99,8.6,4.5,140,89,7.8,4.8,277,111,7.6,2.7,205,102,11.1,4.5,72,31,4,1.6,203,61,5.6,1.6,126,56,6.8,2.9,77,33,4.3,1.8,151,52,4.1,1.4,105,47,5.7,2.7,46,28,2.6,1.6,234,78,6.4,2.1,71,43,3.8,2.4,163,54,9.1,2.9,200,68,5.5,1.7,92,56,5,2.6,108,39,6,2.1,185,60,5.1,1.7,84,31,4.5,1.8,101,49,5.6,2.7,211,70,5.8,1.8,134,47,7.2,2.5,77,37,4.3,2,204,69,5.6,1.9,79,39,4.3,2,125,46,7,2.5,232,65,6.4,1.8,122,47,6.6,2.8,110,42,6.1,2.4,265,63,7.3,1.8,158,45,8.5,2.5,107,31,6,1.8,316,72,8.7,2.2,110,31,5.9,1.9,206,61,11.5,3.5,228,69,6.3,2,134,55,7.2,3.3,94,33,5.2,1.9,162,46,4.4,1.3,85,31,4.6,1.7,77,33,4.3,1.8,219,87,6,2.4,89,39,4.8,2.1,130,61,7.2,3.4,114,50,3.1,1.4,41,22,2.2,1.3,73,34,4.1,1.9,75,30,2.1,0.8,47,25,2.5,1.4,28,16,1.6,0.9,70,27,1.9,0.8,9,9,0.5,0.5,61,25,3.4,1.4,41,5.2,37.6,5.9,43.8,6,103.1,13.2,70.8,12.8,30,3.6,40.8,11.9
1400000US55141011200,55141011200,"Census Tract 112, Wood County, Wisconsin",4167,303,2082,230,2085,205,180,95,4.3,2.2,119,81,5.7,3.7,61,59,2.9,2.9,414,158,9.9,3.4,167,88,8,3.8,247,152,11.8,6.5,296,73,7.1,1.7,182,66,8.7,3,114,45,5.5,2.1,194,84,4.7,2,88,45,4.2,2.2,106,57,5.1,2.6,320,113,7.7,2.9,156,67,7.5,3.2,164,83,7.9,4.1,400,135,9.6,2.9,200,82,9.6,3.9,200,79,9.6,3.5,377,126,9,2.8,245,88,11.8,3.8,132,70,6.3,3.2,209,98,5,2.3,130,72,6.2,3.3,79,43,3.8,2.1,189,71,4.5,1.7,67,36,3.2,1.8,122,52,5.9,2.6,184,68,4.4,1.6,76,41,3.7,1.9,108,55,5.2,2.7,271,79,6.5,2,150,60,7.2,2.8,121,53,5.8,2.7,311,85,7.5,2.1,164,59,7.9,3,147,47,7.1,2.4,146,51,3.5,1.2,58,33,2.8,1.5,88,39,4.2,2,257,78,6.2,1.9,134,54,6.4,2.6,123,55,5.9,2.7,100,50,2.4,1.2,31,25,1.5,1.2,69,41,3.3,2,125,53,3,1.3,39,24,1.9,1.2,86,39,4.1,1.9,69,33,1.7,0.8,39,27,1.9,1.3,30,22,1.4,1.1,125,46,3,1.1,37,29,1.8,1.4,88,36,4.2,1.8,34.2,1.8,33,2.2,36.1,6.4,99.9,15.2,65.2,9.6,26.8,5,38.4,8
1400000US55141011300,55141011300,"Census Tract 113, Wood County, Wisconsin",4640,339,2184,232,2456,192,231,110,5,2.3,120,71,5.5,3.3,111,71,4.5,2.8,326,171,7,3.4,174,92,8,3.7,152,94,6.2,3.7,313,131,6.7,2.8,187,91,8.6,4.1,126,81,5.1,3.3,166,79,3.6,1.6,105,66,4.8,2.8,61,50,2.5,2,218,103,4.7,2.2,105,74,4.8,3.4,113,77,4.6,3.1,214,111,4.6,2.4,108,62,4.9,2.9,106,65,4.3,2.6,311,138,6.7,2.9,179,97,8.2,4.5,132,66,5.4,2.6,272,110,5.9,2.3,132,79,6,3.4,140,69,5.7,2.8,289,138,6.2,2.8,152,81,7,3.5,137,89,5.6,3.6,205,105,4.4,2.2,65,53,3,2.4,140,76,5.7,3,381,123,8.2,2.6,154,87,7.1,4,227,87,9.2,3.5,481,166,10.4,3.8,202,94,9.2,4.5,279,101,11.4,4.3,208,89,4.5,2,98,70,4.5,3.2,110,66,4.5,2.8,188,70,4.1,1.6,95,48,4.3,2.3,93,52,3.8,2.2,230,77,5,1.7,91,51,4.2,2.4,139,52,5.7,2.1,217,86,4.7,1.8,123,52,5.6,2.4,94,58,3.8,2.3,168,83,3.6,1.8,58,45,2.7,2,110,59,4.5,2.4,222,107,4.8,2.3,36,36,1.6,1.6,186,98,7.6,3.9,43.6,6.8,39.2,4.6,50.2,3.2,88.9,10,77.2,10,39.2,4.3,38.1,8.9
1400000US55141011400,55141011400,"Census Tract 114, Wood County, Wisconsin",4832,336,2028,246,2804,270,324,147,6.7,2.9,176,113,8.7,5.2,148,101,5.3,3.4,205,97,4.2,2,121,70,6,3.5,84,60,3,2.1,206,111,4.3,2.2,86,73,4.2,3.4,120,85,4.3,3,197,108,4.1,2.2,82,73,4,3.6,115,85,4.1,3,190,76,3.9,1.5,38,39,1.9,1.9,152,74,5.4,2.5,254,117,5.3,2.4,129,69,6.4,3.4,125,64,4.5,2.3,138,79,2.9,1.6,24,30,1.2,1.5,114,80,4.1,2.9,138,80,2.9,1.6,101,74,5,3.6,37,38,1.3,1.4,437,171,9,3.4,166,73,8.2,3.5,271,157,9.7,5.3,245,117,5.1,2.4,76,45,3.7,2.2,169,96,6,3.4,401,98,8.3,2.1,171,72,8.4,3.6,230,87,8.2,3.4,342,134,7.1,2.7,179,84,8.8,4.1,163,75,5.8,2.7,299,136,6.2,2.8,131,72,6.5,3.4,168,95,6,3.4,346,114,7.2,2.4,109,72,5.4,3.4,237,86,8.5,3,258,102,5.3,2.2,122,64,6,3,136,67,4.9,2.4,269,108,5.6,2.3,96,64,4.7,3.2,173,71,6.2,2.6,295,125,6.1,2.6,121,64,6,3.3,174,101,6.2,3.5,288,100,6,2,100,61,4.9,3,188,77,6.7,2.6,51.7,3.6,51.2,6.7,51.9,4.2,72.3,11.9,95,11.4,58.8,8.1,36.2,7.7
1400000US55141011500,55141011500,"Census Tract 115, Wood County, Wisconsin",5756,258,2911,215,2845,192,282,112,4.9,2,51,50,1.8,1.7,231,99,8.1,3.4,310,125,5.4,2.2,158,76,5.4,2.5,152,85,5.3,3,363,92,6.3,1.6,185,72,6.4,2.4,178,76,6.3,2.6,372,102,6.5,1.7,183,78,6.3,2.6,189,77,6.6,2.6,140,93,2.4,1.6,51,48,1.8,1.6,89,77,3.1,2.7,200,104,3.5,1.8,106,65,3.6,2.2,94,54,3.3,1.9,325,117,5.6,2,190,84,6.5,2.7,135,62,4.7,2.2,435,149,7.6,2.6,251,86,8.6,3.1,184,79,6.5,2.7,323,107,5.6,1.8,168,67,5.8,2.3,155,67,5.4,2.4,530,172,9.2,2.9,277,116,9.5,3.7,253,95,8.9,3.3,479,136,8.3,2.3,239,78,8.2,2.7,240,82,8.4,2.9,555,163,9.6,2.9,259,95,8.9,3.4,296,97,10.4,3.5,433,111,7.5,1.9,251,86,8.6,2.9,182,73,6.4,2.5,303,97,5.3,1.7,98,60,3.4,2,205,72,7.2,2.5,315,89,5.5,1.5,223,69,7.7,2.4,92,54,3.2,1.9,258,93,4.5,1.6,161,86,5.5,3,97,56,3.4,2,89,75,1.5,1.3,30,42,1,1.5,59,45,2.1,1.6,44,43,0.8,0.7,30,35,1,1.2,14,24,0.5,0.8,46.6,1.8,47.4,2.8,46,5.3,102.3,11.3,65,6.9,28.9,3.5,36.1,5.2
1400000US55141011600,55141011600,"Census Tract 116, Wood County, Wisconsin",5025,28,2642,154,2383,155,208,135,4.1,2.7,158,90,6,3.3,50,51,2.1,2.2,224,110,4.5,2.2,98,69,3.7,2.6,126,105,5.3,4.2,206,79,4.1,1.6,84,49,3.2,1.9,122,58,5.1,2.4,328,136,6.5,2.7,180,92,6.8,3.5,148,96,6.2,3.9,271,133,5.4,2.6,128,81,4.8,3.1,143,80,6,3.3,165,72,3.3,1.4,97,53,3.7,2,68,42,2.9,1.8,204,88,4.1,1.8,108,59,4.1,2.2,96,60,4,2.6,97,74,1.9,1.5,49,46,1.9,1.7,48,45,2,1.9,444,127,8.8,2.5,211,83,8,3.2,233,86,9.8,3.5,409,165,8.1,3.3,181,96,6.9,3.6,228,116,9.6,4.9,522,125,10.4,2.5,337,104,12.8,4.1,185,70,7.8,3,607,176,12.1,3.5,255,96,9.7,3.6,352,114,14.8,4.8,371,139,7.4,2.8,233,90,8.8,3.4,138,68,5.8,2.9,282,122,5.6,2.4,172,99,6.5,3.8,110,65,4.6,2.7,362,109,7.2,2.2,205,103,7.8,3.8,157,90,6.6,3.8,123,95,2.4,1.9,73,81,2.8,3.1,50,46,2.1,1.9,81,57,1.6,1.1,16,27,0.6,1,65,52,2.7,2.2,121,100,2.4,2,57,91,2.2,3.4,64,51,2.7,2.1,49.7,1.8,50.8,2.4,48.7,2.9,110.9,13.7,55.4,6.1,30,4.1,25.4,3.8
1400000US55141011700,55141011700,"Census Tract 117, Wood County, Wisconsin",4442,183,2125,118,2317,126,215,66,4.8,1.5,91,39,4.3,1.8,124,48,5.4,2.1,231,53,5.2,1.2,136,40,6.4,1.9,95,35,4.1,1.5,417,71,9.4,1.6,197,58,9.3,2.6,220,59,9.5,2.4,374,86,8.4,1.9,218,53,10.3,2.4,156,60,6.7,2.5,195,84,4.4,1.9,121,58,5.7,2.6,74,45,3.2,2,167,45,3.8,1,91,33,4.3,1.6,76,28,3.3,1.2,241,60,5.4,1.3,83,32,3.9,1.5,158,48,6.8,2,212,47,4.8,1.1,65,26,3.1,1.2,147,36,6.3,1.6,235,44,5.3,1,140,33,6.6,1.5,95,33,4.1,1.4,358,66,8.1,1.5,149,40,7,2,209,45,9,1.9,348,62,7.8,1.3,178,41,8.4,1.8,170,41,7.3,1.8,261,50,5.9,1.2,121,39,5.7,1.9,140,35,6,1.5,277,51,6.2,1.1,167,42,7.9,1.9,110,30,4.7,1.3,199,40,4.5,0.9,86,27,4,1.3,113,26,4.9,1.1,221,42,5,1,102,26,4.8,1.3,119,31,5.1,1.4,131,32,2.9,0.7,62,21,2.9,1,69,24,3,1,151,35,3.4,0.8,54,25,2.5,1.2,97,27,4.2,1.2,209,78,4.7,1.7,64,29,3,1.3,145,67,6.3,2.8,43.9,2.8,41.5,1.7,45.3,2.2,91.7,6.7,85.5,7.3,38.1,5.1,47.5,4.2
